Workbook

Sheet 付费点收益
B3: Gem的获取
B4: RMB->Gem
B5: RMB | C5: Gem | D5: 汇率 Gem/RMB | E5: 折扣
B6: 30 | C6: 500 | D6: =ROUND(C6/B6,2) -> 16.67 | E6: =$D$6/D6 -> 1
B7: 68 | C7: 1200 | D7: =ROUND(C7/B7,2) -> 17.65 | E7: =$D$6/D7 -> 0.94447592
B8: 128 | C8: 2500 | D8: =ROUND(C8/B8,2) -> 19.53 | E8: =$D$6/D8 -> 0.85355863
B9: 328 | C9: 6500 | D9: =ROUND(C9/B9,2) -> 19.82 | E9: =$D$6/D9 -> 0.84106963
B10: 648 | C10: 14000 | D10: =ROUND(C10/B10,2) -> 21.6 | E10: =$D$6/D10 -> 0.77175926
B12: 分析：
C13: 1、RMB梯度是以2为指数的分布。符合购买习惯。
C14: 2、第一个点刚好为购买3号工人的钱，符合刚入门玩家的心理。第二个点和第三个点比购买4号和5号工人多一些，同时折扣也会更高，诱惑玩家选择更高的档次，购买更多的Gem。
C15: 3、折扣随购买量的增多而增多，但是第四个点折扣变动幅度略小，原因可能是如果玩家选择一次性购买所有农民就会选择第4个点，坑这类玩家，能让玩家付更多的钱。
B17: 免费途径获得Gem
C18: 阶段一：玩家获得第三个工人
C19: 阶段二：剩余过程
B20: 途径 | D20: 阶段一 | E20: 阶段二
B21: 新手教程后获得 | D21: 240 | E21: 0 | G21: 成就统计
B22: 清理原有石头和树木 | D22: 38 | E22: 0 | G22: 成就名 | H22: 储金罐 | I22: 消灭哥布林 | J22: 更大更好 | K22: 清爽整洁 | L22: 释放猛兽 | M22: 抓金手 | N22: 圣水恶作剧 | O22: 战无不胜 | P22: 帝国制造者 | Q22: 拆墙达人 | R22: 攻城拔寨 | S22: 工棚破坏者 | T22: 常胜将军 | U22: 固若金汤 | V22: 患难之交 | W22: 破坏迫击炮 | X22: 盗亦有道
B23: 清理再生树木 | D23: 20 | E23: 2Gem/day | G23: 1星奖励 | H23: 2 | I23: 5 | J23: 5 | K23: 5 | L23: 5 | M23: 5 | N23: 5 | O23: 5 | P23: 5 | Q23: 5 | R23: 5 | S23: 5 | T23: 5 | U23: 5 | V23: 5 | W23: 5 | X23: 5
B24: 成就 | D24: 202 | E24: 1210 | G24: 2星奖励 | H24: 5 | I24: 10 | J24: 10 | K24: 10 | L24: 10 | M24: 10 | N24: 10 | O24: 10 | P24: 10 | Q24: 10 | R24: 10 | S24: 10 | T24: 10 | U24: 50 | V24: 25 | W24: 10 | X24: 10
B25: SUM | D25: =SUM(D21:D24) -> 500 | E25: =SUM(E21:E24) -> 1210 | G25: 3星奖励 | H25: 10 | I25: 20 | J25: 20 | K25: 20 | L25: 20 | M25: 20 | N25: 20 | O25: 450 | P25: 20 | Q25: 20 | R25: 50 | S25: 30 | T25: 20 | U25: 100 | V25: 250 | W25: 20 | X25: 20
B26: 分析： | G26: *红色数字表示在阶段一能获得的成就
C27: 1、购买第三个工人是免费玩家贯穿1-6级最重要的目标，时间周期大概是半个月到一个月。第四个工人要求比较苛刻，较难完成，不太能形成有效的目标
A30: 收费点
B31: 购买建造时间
B32: 核心收费点：购买建筑工人
B33: 工人数 | C33: Gem | D33: 玩半个月(H/Gem) | E33: 玩1个月(H/Gem) | F33: 玩2个月(H/Gem)
B34: 1 | C34: 0 | D34: =IFERROR((15*24)/表1[[#This Row],[Gem]],0) -> 0 | E34: =IFERROR((30*24)/表1[[#This Row],[Gem]],0) -> 0 | F34: =IFERROR((60*24)/表1[[#This Row],[Gem]],0) -> 0
B35: 2 | C35: 250 | D35: =IFERROR((15*24)/表1[[#This Row],[Gem]],0) -> 1.44 | E35: =IFERROR((30*24)/表1[[#This Row],[Gem]],0) -> 2.88 | F35: =IFERROR((60*24)/表1[[#This Row],[Gem]],0) -> 5.76
B36: 3 | C36: 500 | D36: =IFERROR((15*24)/表1[[#This Row],[Gem]],0) -> 0.72 | E36: =IFERROR((30*24)/表1[[#This Row],[Gem]],0) -> 1.44 | F36: =IFERROR((60*24)/表1[[#This Row],[Gem]],0) -> 2.88
B37: 4 | C37: 1000 | D37: =IFERROR((15*24)/表1[[#This Row],[Gem]],0) -> 0.36 | E37: =IFERROR((30*24)/表1[[#This Row],[Gem]],0) -> 0.72 | F37: =IFERROR((60*24)/表1[[#This Row],[Gem]],0) -> 1.44
B38: 5 | C38: 2000 | D38: =IFERROR((15*24)/表1[[#This Row],[Gem]],0) -> 0.18 | E38: =IFERROR((30*24)/表1[[#This Row],[Gem]],0) -> 0.36 | F38: =IFERROR((60*24)/表1[[#This Row],[Gem]],0) -> 0.72
B41: 大本营等级 | C41: 资源类消耗时间 | D41: 防御类消耗时间 | E41: 进攻类消耗时间 | F41: 时间求和 | G41: 2工人 | H41: 3工人 | I41: 4工人 | J41: 5工人
B42: 1 | C42: =数据整合!N17 -> 0.783 | D42: =数据整合!U44 -> 0.53333333 | E42: =数据整合!M71 -> 2.35 | F42: =SUM(C42:E42) -> 3.6663333 | G42: =F42/2 -> 1.8331667 | H42: =F42/3 -> 1.2221111 | I42: =F42/4 -> 0.91658333 | J42: =F42/5 -> 0.73326667
B43: 2 | C43: =数据整合!N18 -> 11.2 | D43: =数据整合!U45 -> 2.25 | E43: =数据整合!M72 -> 11.266667 | F43: =SUM(C43:E43) -> 24.716667 | G43: =F43/2 -> 12.358333 | H43: =F43/3 -> 8.2388889 | I43: =F43/4 -> 6.1791667 | J43: =F43/5 -> 4.9433333
B44: 3 | C44: =数据整合!N19 -> 114.2 | D44: =数据整合!U46 -> 12.75 | E44: =数据整合!M73 -> 27.583333 | F44: =SUM(C44:E44) -> 154.53333 | G44: =F44/2 -> 77.266667 | H44: =F44/3 -> 51.511111 | I44: =F44/4 -> 38.633333 | J44: =F44/5 -> 30.906667
B45: 4 | C45: =数据整合!N20 -> 410.7 | D45: =数据整合!U47 -> 62.5 | E45: =数据整合!M74 -> 85.266667 | F45: =SUM(C45:E45) -> 558.46667 | G45: =F45/2 -> 279.23333 | H45: =F45/3 -> 186.15556 | I45: =F45/4 -> 139.61667 | J45: =F45/5 -> 111.69333
B46: 5 | C46: =数据整合!N21 -> 1434.7 | D46: =数据整合!U48 -> 290.51667 | E46: =数据整合!M75 -> 192.08333 | F46: =SUM(C46:E46) -> 1917.3 | G46: =F46/2 -> 958.65 | H46: =F46/3 -> 639.1 | I46: =F46/4 -> 479.325 | J46: =F46/5 -> 383.46
B47: 6 | C47: =数据整合!N22 -> 570.7 | D47: =数据整合!U49 -> 680 | E47: =数据整合!M76 -> 432 | F47: =SUM(C47:E47) -> 1682.7 | G47: =F47/2 -> 841.35 | H47: =F47/3 -> 560.9 | I47: =F47/4 -> 420.675 | J47: =F47/5 -> 336.54
B48: 7 | C48: =数据整合!N23 -> 1608 | D48: =数据整合!U50 -> 2484.5333 | E48: =数据整合!M77 -> 1412.35 | F48: =SUM(C48:E48) -> 5504.8833 | G48: =F48/2 -> 2752.4417 | H48: =F48/3 -> 1834.9611 | I48: =F48/4 -> 1376.2208 | J48: =F48/5 -> 1100.9767
B49: 8 | C49: =数据整合!N24 -> 769.5 | D49: =数据整合!U51 -> 7306.5 | E49: =数据整合!M78 -> 1608 | F49: =SUM(C49:E49) -> 9684 | G49: =F49/2 -> 4842 | H49: =F49/3 -> 3228 | I49: =F49/4 -> 2421 | J49: =F49/5 -> 1936.8
B50: 9 | C50: =数据整合!N25 -> 1680 | D50: =数据整合!U52 -> 9418.5 | E50: =数据整合!M79 -> 120 | F50: =SUM(C50:E50) -> 11218.5 | G50: =F50/2 -> 5609.25 | H50: =F50/3 -> 3739.5 | I50: =F50/4 -> 2804.625 | J50: =F50/5 -> 2243.7
B51: 10 | C51: =数据整合!N26 -> 576 | D51: =数据整合!U53 -> 3254.5167 | E51: =数据整合!M80 -> 144 | F51: =SUM(C51:E51) -> 3974.5167 | G51: =F51/2 -> 1987.2583 | H51: =F51/3 -> 1324.8389 | I51: =F51/4 -> 993.62917 | J51: =F51/5 -> 794.90333
B53: 分析：
C54: 1、工人收益为使用工人的时间，使用时间越长，工人收益H/Gem越高。
C55: 2、玩家一般不会把所有非大本营建筑都升满再升级大本营，并且不同玩家的升级取向不同，所以该统计方法存在较大偏差。
C56: 3、每个工人的收益是相同的，而费用以2为指数上升，每个性价比递减严重，推测低R玩家在购买第四个工人和第五个工人的时候会有较大心理门槛。相比较之后的购买时间收益，购买工人的收益是最高的。
C57: 4、一般来说玩家在大本营6级时能通过非付费途径获得第三个工人，所以灰色区域表示无用数据。
B60: 加速建造
C61: 抠出wiki上的JS源码，处理混淆以后得到分段公式
C62: var ranges=[60,3600,86400,604800];
C63: var gems=[1,20,260,1000];
C64: for(var i=1;i<ranges.length-1;i++)
D65: if(sec<=ranges[i])
D66: return(Math.round((x-ranges[i-1])/((ranges[i]-ranges[i-1])/(gems[i]-gems[i-1]))+gems[i-1]));
C68: t区间min | D68: t区间max | E68: Gem区间min | F68: Gem区间max | G68: 平均（H/Gem）
C69: 0 | D69: 0.01666 | E69: 0 | F69: 1 | G69: =((C69+D69)/2)/(E69+(F69+E69)/2) -> 0.01666
C70: 0.01666 | D70: 1 | E70: 1 | F70: 20 | G70: =((C70+D70)/2)/(E70+(F70+E70)/2) -> 0.044202609
C71: 1 | D71: 24 | E71: 20 | F71: 260 | G71: =((C71+D71)/2)/(E71+(F71+E71)/2) -> 0.078125
C72: 24 | D72: 168 | E72: 260 | F72: 1000 | G72: =((C72+D72)/2)/(E72+(F72+E72)/2) -> 0.10786517
B74: 分析：
C75: 1、通过加速建造购买时间收益远远小于购买工人,大约玩7天以内的玩家才有可能出现加速建造收益大于购买工人的情况
C76: 2、购买的时间越多，收益越高
B77: 购买金币/圣水
B78: 渠道1：商城直接购买
C79: 方法1：采样反推
D80: 购买数 | E80: 100 | F80: 200 | G80: 500 | H80: 1000 | I80: 2000 | J80: 5000 | K80: 10000 | L80: 20000 | M80: 50000 | N80: 100000 | O80: 200000 | P80: 500000 | Q80: 1000000 | R80: 2000000 | S80: 5000000 | T80: 10000000
D81: gem | E81: 1 | F81: 1 | G81: 3 | H81: 5 | I81: 7 | J81: 14 | K81: 25 | L81: 36 | M81: 69 | N81: 125 | O81: 178 | P81: 336 | Q81: 600 | R81: 867 | S81: 1667 | T81: 3333
D82: 幂偏差 | E82: =(0.0339*POWER(E80,0.7059)-E81)/E81 -> -0.12501683 | F82: =(0.0339*POWER(F80,0.7059)-F81)/F81 -> 0.42723922 | G82: =(0.0339*POWER(G80,0.7059)-G81)/G81 -> -0.091591123 | H82: =(0.0339*POWER(H80,0.7059)-H81)/H81 -> -0.11094282 | I82: =(0.0339*POWER(I80,0.7059)-I81)/I81 -> 0.035854441 | J82: =(0.0339*POWER(J80,0.7059)-J81)/J81 -> -0.011049422 | K82: =(0.0339*POWER(K80,0.7059)-K81)/K81 -> -0.096642427 | L82: =(0.0339*POWER(L80,0.7059)-L81)/L81 -> 0.023279494 | ... T82: =(0.0339*POWER(T80,0.7059)-T81)/T81 -> -0.11148578
D83: 线性偏差 | E83: =((0.0003*E80 + 64.614)-E81)/E81 -> 63.644 | F83: =((0.0003*F80 + 64.614)-F81)/F81 -> 63.674 | G83: =((0.0003*G80 + 64.614)-G81)/G81 -> 20.588 | H83: =((0.0003*H80 + 64.614)-H81)/H81 -> 11.9828 | I83: =((0.0003*I80 + 64.614)-I81)/I81 -> 8.3162857 | J83: =((0.0003*J80 + 64.614)-J81)/J81 -> 3.7224286 | K83: =((0.0003*K80 + 64.614)-K81)/K81 -> 1.70456 | L83: =((0.0003*L80 + 64.614)-L81)/L81 -> 0.9615 | ... T83: =((0.0003*T80 + 64.614)-T81)/T81 -> -0.080523852
D93: 模拟偏差较大，说明不是纯线性函数或者是幂函数
C94: 方法2 抠出wiki上的JS源码，处理混淆以后得到分段公式
D95: var ranges=[100,1000,10000,100000,1000000,10000000];
D96: var gems=[1,5,25,125,600,3000];
D97: var storagemax=8001000;
D98: for(var i=1;i<ranges.length-1;i++)
E99: if(x<=ranges[i])
E100: return(Math.round((x-ranges[i-1])/((ranges[i]-ranges[i-1])/(gems[i]-gems[i-1]))+gems[i-1]));
D101: 大于storagemax则
D102: return(Math.round((x-ranges[ranges.length-2])/((ranges[ranges.length-1]-ranges[ranges.length-2])/(gems[gems.length-1]-gems[gems.length-2]))+gems[gems.length-2]));
D104: R区间min | E104: R区间max | F104: Gem区间min | G104: Gem区间max | H104: 平均（资源/Gem）
D105: 0 | E105: 100 | F105: 0 | G105: 1 | H105: =(D105+E105)/(G105+F105) -> 100
D106: 100 | E106: 1000 | F106: 1 | G106: 5 | H106: =(D106+E106)/(G106+F106) -> 183.33333
D107: 1000 | E107: 10000 | F107: 5 | G107: 25 | H107: =(D107+E107)/(G107+F107) -> 366.66667
D108: 10000 | E108: 100000 | F108: 25 | G108: 125 | H108: =(D108+E108)/(G108+F108) -> 733.33333
D109: 100000 | E109: 1000000 | F109: 125 | G109: 600 | H109: =(D109+E109)/(G109+F109) -> 1517.2414
D110: 1000000 | E110: 10000000 | F110: 600 | G110: 3000 | H110: =(D110+E110)/(G110+F110) -> 3055.5556
B112: 渠道2：加速收集
C113: 5级开始可以花Gem加速6h
C114: 资源等级 | D114: 花费Gem | E114: 时间 | F114: 每小时收集 | G114: 效率（资源/Gem）
C115: 5 | D115: 10 | E115: 6 | F115: 1000 | G115: =F115*E115/D115 -> 600
C116: 6 | D116: 12 | E116: 6 | F116: 1300 | G116: =F116*E116/D116 -> 650
C117: 7 | D117: 14 | E117: 6 | F117: 1600 | G117: =F117*E117/D117 -> 685.71429
C118: 8 | D118: 16 | E118: 6 | F118: 1900 | G118: =F118*E118/D118 -> 712.5
C119: 9 | D119: 17 | E119: 6 | F119: 2200 | G119: =F119*E119/D119 -> 776.47059
C120: 10 | D120: 19 | E120: 6 | F120: 2500 | G120: =F120*E120/D120 -> 789.47368
C121: 11 | D121: 20 | E121: 6 | F121: 3000 | G121: =F121*E121/D121 -> 900
B123: 分析
C124: 1、购买100000以上的资源，效率比加速高。
C125: 2、小额付费点，但是相较于其他模块效率偏低，可以认为加速模块设计不当。
...

Sheet 战斗数值
B3: 攻防战术博弈
B4: 随着玩家的成长，玩家会获得不同类型的攻防单位，而就前中期（笔者玩到的6级）来说，所有的兵种和防御在设计上环环相扣，战术基本上是被限制住的，变化空间不大
C6: 攻击方 | E6: 攻击方策略 | G6: 防守方 | I6: 防御方策略 | K6: 进攻方配置预估 | M6: 建造时间 min | O6: 建造资源 | Q6: 掠夺资源 | S6: 掠夺效率
G7: 城墙、加农炮、地雷 | I7: 通过城墙保护加农炮，增加加农炮的输出时间;通过分散建筑拖延时间
C8: 野蛮人 | E8: 集中火力突破城墙，优先消灭加农炮；通过单独给野外的建筑配置兵力，减少战斗时间，争取更高胜利收益 | K8: 20野蛮人 | M8: =数据整合!B85*20 -> 6.66
G9: 箭塔 | I9: 同加农炮
C10: 弓箭手 | E10: 不破坏城墙直接攻击内部设施，通过选择落点有限处理攻击型建筑
C11: 哥布林 | E11: 当玩家策略是以获取资源优先时优先使用的兵种，一般会在出巨人之后，通过巨人当肉盾，哥布林进行掠夺，最大化资源获取。对于单层城墙和资源外置型阵型效果较好
E12: 进攻方前期处理迫击炮较为困难，需要对迫击炮的攻击规律有较好把握，通过放置单个诱饵，让迫击炮不攻击大部队，然后大部队近身处理掉迫击炮。 | G12: 迫击炮 | I12: 对付大量野蛮人、弓箭手、哥布林效果明显。所以在前期战术核心围绕如何保护/消灭迫击炮展开。防守方多采用多层城墙，瓮城等布局
C13: 巨人 | E13: 核心肉盾型兵种，优先破坏防御武器，处理好迫击炮以后再放置弓箭手/哥布林，完成剩余破坏任务。
G14: 隐身弹簧 | I14: 放置在关键，可一次最多弹飞3个巨人。可以制造陷阱（例如特别脆弱的墙、开口的墙，城墙内部可投放兵的区域）诱惑进攻者向陷阱内投放巨人。
C15: 从此阶段开始，除了兵种上的博弈之外，还有兵种科技等级和防御武器等级之间的博弈，详细参见下文
C16: 炸弹人 | E16: 针对越来越坚固的城墙进行的针对性的攻击。配合巨人吸引火力，炸弹人能有效的破话防御方的城墙。（炸弹人的操作细节很多，非常考验进攻者的技术水平）炸弹人等级与城墙等级的博弈参见下文 | I16: 防御方可以考虑如何构建瓮城让炸弹人的寻路ai不优先攻击关键城墙。难度较大。
G17: 防空火箭 | I17: 防空火箭拥有所有防御设施中最高的血量，初期可以用于构建瓮城，吸引巨人，拖延时间，给别的攻击武器更多的攻击时间。
C18: 气球兵 | E18: 无视城墙，攻击防御武器，但是由于必须在防御设置头顶攻击，所以较难做好保护。相对难用好的兵种。
C19: 部落城堡 | E19: 根据公会内部的人捐献的兵种来制定使用的战术。 | G19: 部落城堡 | I19: 10个单位的防守，可以有效针对敌人的进攻手段，比如巨人和炸弹人
C20: 雷电法术 | E20: 用于破坏城墙、迫击炮、法师塔等关键防御建筑。同时，对部落城堡的援军有较大杀伤。
E21: 与处理迫击炮同，需要设置诱饵。减少大部队受到伤害。 | G21: 法师塔 | I21: 区域攻击，且没有盲区，处理抱团巨人、大数量部队的有效手段。通过制造内部的通道，聚拢敌人造成片杀伤，是非常有效的策略。
C22: 天使 | E22: 群体加血，配合巨人，有效对付片伤塔。
C23: 后期未玩到，待补充
B25: 兵种等级与防御设施等级博弈
B27: 加农炮 | E27: 野蛮人 | L27: 弓箭手 | S27: 哥布林 | Z27: 巨人 | AG27: 法师
B28: 射速 | C28: 0.8s | D28: 等级 | E28: 1 | F28: 2 | G28: 3 | H28: 4 | I28: 5 | J28: 6 | L28: 1 | M28: 2 | N28: 3 | O28: 4 | P28: 5 | Q28: 6 | S28: 1 | T28: 2 | U28: 3 | V28: 4 | W28: 5 | Z28: 1 | AA28: 2 | AB28: 3 | AC28: 4 | AD28: 5 | AE28: 6 | AG28: 1 | AH28: 2 | AI28: 3 | AJ28: 4 | AK28: 5
B29: 等级 | C29: 攻击力 | D29: 血量 | E29: 45 | F29: 54 | G29: 65 | H29: 78 | I29: 95 | J29: 110 | L29: 20 | M29: 23 | N29: 28 | O29: 33 | P29: 40 | Q29: 44 | S29: 25 | T29: 30 | U29: 36 | V29: 43 | W29: 52 | Z29: 300 | AA29: 360 | AB29: 430 | AC29: 520 | AD29: 670 | AE29: 800 | AG29: 75 | AH29: 90 | AI29: 108 | AJ29: 130 | AK29: 156
B30: 1 | C30: 7 | D30: 攻击次数 | E30: =INT(E$29/$C30)+1 -> 7 | F30: =INT(F$29/$C30)+1 -> 8 | G30: =INT(G$29/$C30)+1 -> 10 | H30: =INT(H$29/$C30)+1 -> 12 | I30: =INT(I$29/$C30)+1 -> 14 | J30: =INT(J$29/$C30)+1 -> 16 | L30: =INT(L$29/$C30)+1 -> 3 | M30: =INT(M$29/$C30)+1 -> 4 | N30: =INT(N$29/$C30)+1 -> 5 | O30: =INT(O$29/$C30)+1 -> 5 | P30: =INT(P$29/$C30)+1 -> 6 | Q30: =INT(Q$29/$C30)+1 -> 7 | S30: =INT(S$29/$C30)+1 -> 4 | T30: =INT(T$29/$C30)+1 -> 5 | U30: =INT(U$29/$C30)+1 -> 6 | V30: =INT(V$29/$C30)+1 -> 7 | W30: =INT(W$29/$C30)+1 -> 8 | Z30: =INT(Z$29/$C30)+1 -> 43 | AA30: =INT(AA$29/$C30)+1 -> 52 | AB30: =INT(AB$29/$C30)+1 -> 62 | AC30: =INT(AC$29/$C30)+1 -> 75 | AD30: =INT(AD$29/$C30)+1 -> 96 | AE30: =INT(AE$29/$C30)+1 -> 115 | AG30: =INT(AG$29/$C30)+1 -> 11 | AH30: =INT(AH$29/$C30)+1 -> 13 | AI30: =INT(AI$29/$C30)+1 -> 16 | AJ30: =INT(AJ$29/$C30)+1 -> 19 | AK30: =INT(AK$29/$C30)+1 -> 23
B31: 2 | C31: 9 | E31: =INT(E$29/$C31)+1 -> 6 | F31: =INT(F$29/$C31)+1 -> 7 | G31: =INT(G$29/$C31)+1 -> 8 | H31: =INT(H$29/$C31)+1 -> 9 | I31: =INT(I$29/$C31)+1 -> 11 | J31: =INT(J$29/$C31)+1 -> 13 | L31: =INT(L$29/$C31)+1 -> 3 | M31: =INT(M$29/$C31)+1 -> 3 | N31: =INT(N$29/$C31)+1 -> 4 | O31: =INT(O$29/$C31)+1 -> 4 | P31: =INT(P$29/$C31)+1 -> 5 | Q31: =INT(Q$29/$C31)+1 -> 5 | S31: =INT(S$29/$C31)+1 -> 3 | T31: =INT(T$29/$C31)+1 -> 4 | U31: =INT(U$29/$C31)+1 -> 5 | V31: =INT(V$29/$C31)+1 -> 5 | W31: =INT(W$29/$C31)+1 -> 6 | Z31: =INT(Z$29/$C31)+1 -> 34 | AA31: =INT(AA$29/$C31)+1 -> 41 | AB31: =INT(AB$29/$C31)+1 -> 48 | AC31: =INT(AC$29/$C31)+1 -> 58 | AD31: =INT(AD$29/$C31)+1 -> 75 | AE31: =INT(AE$29/$C31)+1 -> 89 | AG31: =INT(AG$29/$C31)+1 -> 9 | AH31: =INT(AH$29/$C31)+1 -> 11 | AI31: =INT(AI$29/$C31)+1 -> 13 | AJ31: =INT(AJ$29/$C31)+1 -> 15 | AK31: =INT(AK$29/$C31)+1 -> 18
B32: 3 | C32: 12 | E32: =INT(E$29/$C32)+1 -> 4 | F32: =INT(F$29/$C32)+1 -> 5 | G32: =INT(G$29/$C32)+1 -> 6 | H32: =INT(H$29/$C32)+1 -> 7 | I32: =INT(I$29/$C32)+1 -> 8 | J32: =INT(J$29/$C32)+1 -> 10 | L32: =INT(L$29/$C32)+1 -> 2 | M32: =INT(M$29/$C32)+1 -> 2 | N32: =INT(N$29/$C32)+1 -> 3 | O32: =INT(O$29/$C32)+1 -> 3 | P32: =INT(P$29/$C32)+1 -> 4 | Q32: =INT(Q$29/$C32)+1 -> 4 | S32: =INT(S$29/$C32)+1 -> 3 | T32: =INT(T$29/$C32)+1 -> 3 | U32: =INT(U$29/$C32)+1 -> 4 | V32: =INT(V$29/$C32)+1 -> 4 | W32: =INT(W$29/$C32)+1 -> 5 | Z32: =INT(Z$29/$C32)+1 -> 26 | AA32: =INT(AA$29/$C32)+1 -> 31 | AB32: =INT(AB$29/$C32)+1 -> 36 | AC32: =INT(AC$29/$C32)+1 -> 44 | AD32: =INT(AD$29/$C32)+1 -> 56 | AE32: =INT(AE$29/$C32)+1 -> 67 | AG32: =INT(AG$29/$C32)+1 -> 7 | AH32: =INT(AH$29/$C32)+1 -> 8 | AI32: =INT(AI$29/$C32)+1 -> 10 | AJ32: =INT(AJ$29/$C32)+1 -> 11 | AK32: =INT(AK$29/$C32)+1 -> 14
B33: 4 | C33: 15 | E33: =INT(E$29/$C33)+1 -> 4 | F33: =INT(F$29/$C33)+1 -> 4 | G33: =INT(G$29/$C33)+1 -> 5 | H33: =INT(H$29/$C33)+1 -> 6 | I33: =INT(I$29/$C33)+1 -> 7 | J33: =INT(J$29/$C33)+1 -> 8 | L33: =INT(L$29/$C33)+1 -> 2 | M33: =INT(M$29/$C33)+1 -> 2 | N33: =INT(N$29/$C33)+1 -> 2 | O33: =INT(O$29/$C33)+1 -> 3 | P33: =INT(P$29/$C33)+1 -> 3 | Q33: =INT(Q$29/$C33)+1 -> 3 | S33: =INT(S$29/$C33)+1 -> 2 | T33: =INT(T$29/$C33)+1 -> 3 | U33: =INT(U$29/$C33)+1 -> 3 | V33: =INT(V$29/$C33)+1 -> 3 | W33: =INT(W$29/$C33)+1 -> 4 | Z33: =INT(Z$29/$C33)+1 -> 21 | AA33: =INT(AA$29/$C33)+1 -> 25 | AB33: =INT(AB$29/$C33)+1 -> 29 | AC33: =INT(AC$29/$C33)+1 -> 35 | AD33: =INT(AD$29/$C33)+1 -> 45 | AE33: =INT(AE$29/$C33)+1 -> 54 | AG33: =INT(AG$29/$C33)+1 -> 6 | AH33: =INT(AH$29/$C33)+1 -> 7 | AI33: =INT(AI$29/$C33)+1 -> 8 | AJ33: =INT(AJ$29/$C33)+1 -> 9 | AK33: =INT(AK$29/$C33)+1 -> 11
B34: 5 | C34: 20 | E34: =INT(E$29/$C34)+1 -> 3 | F34: =INT(F$29/$C34)+1 -> 3 | G34: =INT(G$29/$C34)+1 -> 4 | H34: =INT(H$29/$C34)+1 -> 4 | I34: =INT(I$29/$C34)+1 -> 5 | J34: =INT(J$29/$C34)+1 -> 6 | L34: =INT(L$29/$C34)+1 -> 2 | M34: =INT(M$29/$C34)+1 -> 2 | N34: =INT(N$29/$C34)+1 -> 2 | O34: =INT(O$29/$C34)+1 -> 2 | P34: =INT(P$29/$C34)+1 -> 3 | Q34: =INT(Q$29/$C34)+1 -> 3 | S34: =INT(S$29/$C34)+1 -> 2 | T34: =INT(T$29/$C34)+1 -> 2 | U34: =INT(U$29/$C34)+1 -> 2 | V34: =INT(V$29/$C34)+1 -> 3 | W34: =INT(W$29/$C34)+1 -> 3 | Z34: =INT(Z$29/$C34)+1 -> 16 | AA34: =INT(AA$29/$C34)+1 -> 19 | AB34: =INT(AB$29/$C34)+1 -> 22 | AC34: =INT(AC$29/$C34)+1 -> 27 | AD34: =INT(AD$29/$C34)+1 -> 34 | AE34: =INT(AE$29/$C34)+1 -> 41 | AG34: =INT(AG$29/$C34)+1 -> 4 | AH34: =INT(AH$29/$C34)+1 -> 5 | AI34: =INT(AI$29/$C34)+1 -> 6 | AJ34: =INT(AJ$29/$C34)+1 -> 7 | AK34: =INT(AK$29/$C34)+1 -> 8
B35: 6 | C35: 25 | E35: =INT(E$29/$C35)+1 -> 2 | F35: =INT(F$29/$C35)+1 -> 3 | G35: =INT(G$29/$C35)+1 -> 3 | H35: =INT(H$29/$C35)+1 -> 4 | I35: =INT(I$29/$C35)+1 -> 4 | J35: =INT(J$29/$C35)+1 -> 5 | L35: =INT(L$29/$C35)+1 -> 1 | M35: =INT(M$29/$C35)+1 -> 1 | N35: =INT(N$29/$C35)+1 -> 2 | O35: =INT(O$29/$C35)+1 -> 2 | P35: =INT(P$29/$C35)+1 -> 2 | Q35: =INT(Q$29/$C35)+1 -> 2 | S35: =INT(S$29/$C35)+1 -> 2 | T35: =INT(T$29/$C35)+1 -> 2 | U35: =INT(U$29/$C35)+1 -> 2 | V35: =INT(V$29/$C35)+1 -> 2 | W35: =INT(W$29/$C35)+1 -> 3 | Z35: =INT(Z$29/$C35)+1 -> 13 | AA35: =INT(AA$29/$C35)+1 -> 15 | AB35: =INT(AB$29/$C35)+1 -> 18 | AC35: =INT(AC$29/$C35)+1 -> 21 | AD35: =INT(AD$29/$C35)+1 -> 27 | AE35: =INT(AE$29/$C35)+1 -> 33 | AG35: =INT(AG$29/$C35)+1 -> 4 | AH35: =INT(AH$29/$C35)+1 -> 4 | AI35: =INT(AI$29/$C35)+1 -> 5 | AJ35: =INT(AJ$29/$C35)+1 -> 6 | AK35: =INT(AK$29/$C35)+1 -> 7
B36: 7 | C36: 32 | E36: =INT(E$29/$C36)+1 -> 2 | F36: =INT(F$29/$C36)+1 -> 2 | G36: =INT(G$29/$C36)+1 -> 3 | H36: =INT(H$29/$C36)+1 -> 3 | I36: =INT(I$29/$C36)+1 -> 3 | J36: =INT(J$29/$C36)+1 -> 4 | L36: =INT(L$29/$C36)+1 -> 1 | M36: =INT(M$29/$C36)+1 -> 1 | N36: =INT(N$29/$C36)+1 -> 1 | O36: =INT(O$29/$C36)+1 -> 2 | P36: =INT(P$29/$C36)+1 -> 2 | Q36: =INT(Q$29/$C36)+1 -> 2 | S36: =INT(S$29/$C36)+1 -> 1 | T36: =INT(T$29/$C36)+1 -> 1 | U36: =INT(U$29/$C36)+1 -> 2 | V36: =INT(V$29/$C36)+1 -> 2 | W36: =INT(W$29/$C36)+1 -> 2 | Z36: =INT(Z$29/$C36)+1 -> 10 | AA36: =INT(AA$29/$C36)+1 -> 12 | AB36: =INT(AB$29/$C36)+1 -> 14 | AC36: =INT(AC$29/$C36)+1 -> 17 | AD36: =INT(AD$29/$C36)+1 -> 21 | AE36: =INT(AE$29/$C36)+1 -> 26 | AG36: =INT(AG$29/$C36)+1 -> 3 | AH36: =INT(AH$29/$C36)+1 -> 3 | AI36: =INT(AI$29/$C36)+1 -> 4 | AJ36: =INT(AJ$29/$C36)+1 -> 5 | AK36: =INT(AK$29/$C36)+1 -> 5
B37: 8 | C37: 38 | E37: =INT(E$29/$C37)+1 -> 2 | F37: =INT(F$29/$C37)+1 -> 2 | G37: =INT(G$29/$C37)+1 -> 2 | H37: =INT(H$29/$C37)+1 -> 3 | I37: =INT(I$29/$C37)+1 -> 3 | J37: =INT(J$29/$C37)+1 -> 3 | L37: =INT(L$29/$C37)+1 -> 1 | M37: =INT(M$29/$C37)+1 -> 1 | N37: =INT(N$29/$C37)+1 -> 1 | O37: =INT(O$29/$C37)+1 -> 1 | P37: =INT(P$29/$C37)+1 -> 2 | Q37: =INT(Q$29/$C37)+1 -> 2 | S37: =INT(S$29/$C37)+1 -> 1 | T37: =INT(T$29/$C37)+1 -> 1 | U37: =INT(U$29/$C37)+1 -> 1 | V37: =INT(V$29/$C37)+1 -> 2 | W37: =INT(W$29/$C37)+1 -> 2 | Z37: =INT(Z$29/$C37)+1 -> 8 | AA37: =INT(AA$29/$C37)+1 -> 10 | AB37: =INT(AB$29/$C37)+1 -> 12 | AC37: =INT(AC$29/$C37)+1 -> 14 | AD37: =INT(AD$29/$C37)+1 -> 18 | AE37: =INT(AE$29/$C37)+1 -> 22 | AG37: =INT(AG$29/$C37)+1 -> 2 | AH37: =INT(AH$29/$C37)+1 -> 3 | AI37: =INT(AI$29/$C37)+1 -> 3 | AJ37: =INT(AJ$29/$C37)+1 -> 4 | AK37: =INT(AK$29/$C37)+1 -> 5
B38: 9 | C38: 45 | E38: =INT(E$29/$C38)+1 -> 2 | F38: =INT(F$29/$C38)+1 -> 2 | G38: =INT(G$29/$C38)+1 -> 2 | H38: =INT(H$29/$C38)+1 -> 2 | I38: =INT(I$29/$C38)+1 -> 3 | J38: =INT(J$29/$C38)+1 -> 3 | L38: =INT(L$29/$C38)+1 -> 1 | M38: =INT(M$29/$C38)+1 -> 1 | N38: =INT(N$29/$C38)+1 -> 1 | O38: =INT(O$29/$C38)+1 -> 1 | P38: =INT(P$29/$C38)+1 -> 1 | Q38: =INT(Q$29/$C38)+1 -> 1 | S38: =INT(S$29/$C38)+1 -> 1 | T38: =INT(T$29/$C38)+1 -> 1 | U38: =INT(U$29/$C38)+1 -> 1 | V38: =INT(V$29/$C38)+1 -> 1 | W38: =INT(W$29/$C38)+1 -> 2 | Z38: =INT(Z$29/$C38)+1 -> 7 | AA38: =INT(AA$29/$C38)+1 -> 9 | AB38: =INT(AB$29/$C38)+1 -> 10 | AC38: =INT(AC$29/$C38)+1 -> 12 | AD38: =INT(AD$29/$C38)+1 -> 15 | AE38: =INT(AE$29/$C38)+1 -> 18 | AG38: =INT(AG$29/$C38)+1 -> 2 | AH38: =INT(AH$29/$C38)+1 -> 3 | AI38: =INT(AI$29/$C38)+1 -> 3 | AJ38: =INT(AJ$29/$C38)+1 -> 3 | AK38: =INT(AK$29/$C38)+1 -> 4
B39: 10 | C39: 52 | E39: =INT(E$29/$C39)+1 -> 1 | F39: =INT(F$29/$C39)+1 -> 2 | G39: =INT(G$29/$C39)+1 -> 2 | H39: =INT(H$29/$C39)+1 -> 2 | I39: =INT(I$29/$C39)+1 -> 2 | J39: =INT(J$29/$C39)+1 -> 3 | L39: =INT(L$29/$C39)+1 -> 1 | M39: =INT(M$29/$C39)+1 -> 1 | N39: =INT(N$29/$C39)+1 -> 1 | O39: =INT(O$29/$C39)+1 -> 1 | P39: =INT(P$29/$C39)+1 -> 1 | Q39: =INT(Q$29/$C39)+1 -> 1 | S39: =INT(S$29/$C39)+1 -> 1 | T39: =INT(T$29/$C39)+1 -> 1 | U39: =INT(U$29/$C39)+1 -> 1 | V39: =INT(V$29/$C39)+1 -> 1 | W39: =INT(W$29/$C39)+1 -> 2 | Z39: =INT(Z$29/$C39)+1 -> 6 | AA39: =INT(AA$29/$C39)+1 -> 7 | AB39: =INT(AB$29/$C39)+1 -> 9 | AC39: =INT(AC$29/$C39)+1 -> 11 | AD39: =INT(AD$29/$C39)+1 -> 13 | AE39: =INT(AE$29/$C39)+1 -> 16 | AG39: =INT(AG$29/$C39)+1 -> 2 | AH39: =INT(AH$29/$C39)+1 -> 2 | AI39: =INT(AI$29/$C39)+1 -> 3 | AJ39: =INT(AJ$29/$C39)+1 -> 3 | AK39: =INT(AK$29/$C39)+1 -> 4
B40: 11 | C40: 60 | E40: =INT(E$29/$C40)+1 -> 1 | F40: =INT(F$29/$C40)+1 -> 1 | G40: =INT(G$29/$C40)+1 -> 2 | H40: =INT(H$29/$C40)+1 -> 2 | I40: =INT(I$29/$C40)+1 -> 2 | J40: =INT(J$29/$C40)+1 -> 2 | L40: =INT(L$29/$C40)+1 -> 1 | M40: =INT(M$29/$C40)+1 -> 1 | N40: =INT(N$29/$C40)+1 -> 1 | O40: =INT(O$29/$C40)+1 -> 1 | P40: =INT(P$29/$C40)+1 -> 1 | Q40: =INT(Q$29/$C40)+1 -> 1 | S40: =INT(S$29/$C40)+1 -> 1 | T40: =INT(T$29/$C40)+1 -> 1 | U40: =INT(U$29/$C40)+1 -> 1 | V40: =INT(V$29/$C40)+1 -> 1 | W40: =INT(W$29/$C40)+1 -> 1 | Z40: =INT(Z$29/$C40)+1 -> 6 | AA40: =INT(AA$29/$C40)+1 -> 7 | AB40: =INT(AB$29/$C40)+1 -> 8 | AC40: =INT(AC$29/$C40)+1 -> 9 | AD40: =INT(AD$29/$C40)+1 -> 12 | AE40: =INT(AE$29/$C40)+1 -> 14 | AG40: =INT(AG$29/$C40)+1 -> 2 | AH40: =INT(AH$29/$C40)+1 -> 2 | AI40: =INT(AI$29/$C40)+1 -> 2 | AJ40: =INT(AJ$29/$C40)+1 -> 3 | AK40: =INT(AK$29/$C40)+1 -> 3
B41: 12 | C41: 69 | E41: =INT(E$29/$C41)+1 -> 1 | F41: =INT(F$29/$C41)+1 -> 1 | G41: =INT(G$29/$C41)+1 -> 1 | H41: =INT(H$29/$C41)+1 -> 2 | I41: =INT(I$29/$C41)+1 -> 2 | J41: =INT(J$29/$C41)+1 -> 2 | L41: =INT(L$29/$C41)+1 -> 1 | M41: =INT(M$29/$C41)+1 -> 1 | N41: =INT(N$29/$C41)+1 -> 1 | O41: =INT(O$29/$C41)+1 -> 1 | P41: =INT(P$29/$C41)+1 -> 1 | Q41: =INT(Q$29/$C41)+1 -> 1 | S41: =INT(S$29/$C41)+1 -> 1 | T41: =INT(T$29/$C41)+1 -> 1 | U41: =INT(U$29/$C41)+1 -> 1 | V41: =INT(V$29/$C41)+1 -> 1 | W41: =INT(W$29/$C41)+1 -> 1 | Z41: =INT(Z$29/$C41)+1 -> 5 | AA41: =INT(AA$29/$C41)+1 -> 6 | AB41: =INT(AB$29/$C41)+1 -> 7 | AC41: =INT(AC$29/$C41)+1 -> 8 | AD41: =INT(AD$29/$C41)+1 -> 10 | AE41: =INT(AE$29/$C41)+1 -> 12 | AG41: =INT(AG$29/$C41)+1 -> 2 | AH41: =INT(AH$29/$C41)+1 -> 2 | AI41: =INT(AI$29/$C41)+1 -> 2 | AJ41: =INT(AJ$29/$C41)+1 -> 2 | AK41: =INT(AK$29/$C41)+1 -> 3
B43: 弓箭塔 | E43: 野蛮人 | L43: 弓箭手 | S43: 哥布林 | Z43: 巨人 | AG43: 气球兵 | AN43: 法师
B44: 射速 | C44: 1s | D44: 等级 | E44: 1 | F44: 2 | G44: 3 | H44: 4 | I44: 5 | J44: 6 | L44: 1 | M44: 2 | N44: 3 | O44: 4 | P44: 5 | Q44: 6 | S44: 1 | T44: 2 | U44: 3 | V44: 4 | W44: 5 | Z44: 1 | AA44: 2 | AB44: 3 | AC44: 4 | AD44: 5 | AE44: 6 | AG44: 1 | AH44: 2 | AI44: 3 | AJ44: 4 | AK44: 5 | AL44: 6 | AN44: 1 | AO44: 2 | AP44: 3 | AQ44: 4 | AR44: 5
B45: 等级 | C45: 攻击力 | D45: 血量 | E45: 45 | F45: 54 | G45: 65 | H45: 78 | I45: 95 | J45: 110 | L45: 20 | M45: 23 | N45: 28 | O45: 33 | P45: 40 | Q45: 44 | S45: 25 | T45: 30 | U45: 36 | V45: 43 | W45: 52 | Z45: 300 | AA45: 360 | AB45: 430 | AC45: 520 | AD45: 670 | AE45: 800 | AG45: 150 | AH45: 180 | AI45: 216 | AJ45: 280 | AK45: 390 | AL45: 545 | AN45: 75 | AO45: 90 | AP45: 108 | AQ45: 130 | AR45: 156
B46: 1 | C46: 11 | D46: 攻击次数 | E46: =INT(E$45/$C46)+1 -> 5 | F46: =INT(F$45/$C46)+1 -> 5 | G46: =INT(G$45/$C46)+1 -> 6 | H46: =INT(H$45/$C46)+1 -> 8 | I46: =INT(I$45/$C46)+1 -> 9 | J46: =INT(J$45/$C46)+1 -> 11 | L46: =INT(L$45/$C46)+1 -> 2 | M46: =INT(M$45/$C46)+1 -> 3 | N46: =INT(N$45/$C46)+1 -> 3 | O46: =INT(O$45/$C46)+1 -> 4 | P46: =INT(P$45/$C46)+1 -> 4 | Q46: =INT(Q$45/$C46)+1 -> 5 | S46: =INT(S$45/$C46)+1 -> 3 | T46: =INT(T$45/$C46)+1 -> 3 | U46: =INT(U$45/$C46)+1 -> 4 | V46: =INT(V$45/$C46)+1 -> 4 | W46: =INT(W$45/$C46)+1 -> 5 | Z46: =INT(Z$45/$C46)+1 -> 28 | AA46: =INT(AA$45/$C46)+1 -> 33 | AB46: =INT(AB$45/$C46)+1 -> 40 | AC46: =INT(AC$45/$C46)+1 -> 48 | AD46: =INT(AD$45/$C46)+1 -> 61 | AE46: =INT(AE$45/$C46)+1 -> 73 | AG46: =INT(AG$45/$C46)+1 -> 14 | AH46: =INT(AH$45/$C46)+1 -> 17 | AI46: =INT(AI$45/$C46)+1 -> 20 | AJ46: =INT(AJ$45/$C46)+1 -> 26 | AK46: =INT(AK$45/$C46)+1 -> 36 | AL46: =INT(AL$45/$C46)+1 -> 50 | AN46: =INT(AN$45/$C46)+1 -> 7 | AO46: =INT(AO$45/$C46)+1 -> 9 | AP46: =INT(AP$45/$C46)+1 -> 10 | AQ46: =INT(AQ$45/$C46)+1 -> 12 | AR46: =INT(AR$45/$C46)+1 -> 15
B47: 2 | C47: 15 | E47: =INT(E$45/$C47)+1 -> 4 | F47: =INT(F$45/$C47)+1 -> 4 | G47: =INT(G$45/$C47)+1 -> 5 | H47: =INT(H$45/$C47)+1 -> 6 | I47: =INT(I$45/$C47)+1 -> 7 | J47: =INT(J$45/$C47)+1 -> 8 | L47: =INT(L$45/$C47)+1 -> 2 | M47: =INT(M$45/$C47)+1 -> 2 | N47: =INT(N$45/$C47)+1 -> 2 | O47: =INT(O$45/$C47)+1 -> 3 | P47: =INT(P$45/$C47)+1 -> 3 | Q47: =INT(Q$45/$C47)+1 -> 3 | S47: =INT(S$45/$C47)+1 -> 2 | T47: =INT(T$45/$C47)+1 -> 3 | U47: =INT(U$45/$C47)+1 -> 3 | V47: =INT(V$45/$C47)+1 -> 3 | W47: =INT(W$45/$C47)+1 -> 4 | Z47: =INT(Z$45/$C47)+1 -> 21 | AA47: =INT(AA$45/$C47)+1 -> 25 | AB47: =INT(AB$45/$C47)+1 -> 29 | AC47: =INT(AC$45/$C47)+1 -> 35 | AD47: =INT(AD$45/$C47)+1 -> 45 | AE47: =INT(AE$45/$C47)+1 -> 54 | AG47: =INT(AG$45/$C47)+1 -> 11 | AH47: =INT(AH$45/$C47)+1 -> 13 | AI47: =INT(AI$45/$C47)+1 -> 15 | AJ47: =INT(AJ$45/$C47)+1 -> 19 | AK47: =INT(AK$45/$C47)+1 -> 27 | AL47: =INT(AL$45/$C47)+1 -> 37 | AN47: =INT(AN$45/$C47)+1 -> 6 | AO47: =INT(AO$45/$C47)+1 -> 7 | AP47: =INT(AP$45/$C47)+1 -> 8 | AQ47: =INT(AQ$45/$C47)+1 -> 9 | AR47: =INT(AR$45/$C47)+1 -> 11
B48: 3 | C48: 19 | E48: =INT(E$45/$C48)+1 -> 3 | F48: =INT(F$45/$C48)+1 -> 3 | G48: =INT(G$45/$C48)+1 -> 4 | H48: =INT(H$45/$C48)+1 -> 5 | I48: =INT(I$45/$C48)+1 -> 6 | J48: =INT(J$45/$C48)+1 -> 6 | L48: =INT(L$45/$C48)+1 -> 2 | M48: =INT(M$45/$C48)+1 -> 2 | N48: =INT(N$45/$C48)+1 -> 2 | O48: =INT(O$45/$C48)+1 -> 2 | P48: =INT(P$45/$C48)+1 -> 3 | Q48: =INT(Q$45/$C48)+1 -> 3 | S48: =INT(S$45/$C48)+1 -> 2 | T48: =INT(T$45/$C48)+1 -> 2 | U48: =INT(U$45/$C48)+1 -> 2 | V48: =INT(V$45/$C48)+1 -> 3 | W48: =INT(W$45/$C48)+1 -> 3 | Z48: =INT(Z$45/$C48)+1 -> 16 | AA48: =INT(AA$45/$C48)+1 -> 19 | AB48: =INT(AB$45/$C48)+1 -> 23 | AC48: =INT(AC$45/$C48)+1 -> 28 | AD48: =INT(AD$45/$C48)+1 -> 36 | AE48: =INT(AE$45/$C48)+1 -> 43 | AG48: =INT(AG$45/$C48)+1 -> 8 | AH48: =INT(AH$45/$C48)+1 -> 10 | AI48: =INT(AI$45/$C48)+1 -> 12 | AJ48: =INT(AJ$45/$C48)+1 -> 15 | AK48: =INT(AK$45/$C48)+1 -> 21 | AL48: =INT(AL$45/$C48)+1 -> 29 | AN48: =INT(AN$45/$C48)+1 -> 4 | AO48: =INT(AO$45/$C48)+1 -> 5 | AP48: =INT(AP$45/$C48)+1 -> 6 | AQ48: =INT(AQ$45/$C48)+1 -> 7 | AR48: =INT(AR$45/$C48)+1 -> 9
B49: 4 | C49: 25 | E49: =INT(E$45/$C49)+1 -> 2 | F49: =INT(F$45/$C49)+1 -> 3 | G49: =INT(G$45/$C49)+1 -> 3 | H49: =INT(H$45/$C49)+1 -> 4 | I49: =INT(I$45/$C49)+1 -> 4 | J49: =INT(J$45/$C49)+1 -> 5 | L49: =INT(L$45/$C49)+1 -> 1 | M49: =INT(M$45/$C49)+1 -> 1 | N49: =INT(N$45/$C49)+1 -> 2 | O49: =INT(O$45/$C49)+1 -> 2 | P49: =INT(P$45/$C49)+1 -> 2 | Q49: =INT(Q$45/$C49)+1 -> 2 | S49: =INT(S$45/$C49)+1 -> 2 | T49: =INT(T$45/$C49)+1 -> 2 | U49: =INT(U$45/$C49)+1 -> 2 | V49: =INT(V$45/$C49)+1 -> 2 | W49: =INT(W$45/$C49)+1 -> 3 | Z49: =INT(Z$45/$C49)+1 -> 13 | AA49: =INT(AA$45/$C49)+1 -> 15 | AB49: =INT(AB$45/$C49)+1 -> 18 | AC49: =INT(AC$45/$C49)+1 -> 21 | AD49: =INT(AD$45/$C49)+1 -> 27 | AE49: =INT(AE$45/$C49)+1 -> 33 | AG49: =INT(AG$45/$C49)+1 -> 7 | AH49: =INT(AH$45/$C49)+1 -> 8 | AI49: =INT(AI$45/$C49)+1 -> 9 | AJ49: =INT(AJ$45/$C49)+1 -> 12 | AK49: =INT(AK$45/$C49)+1 -> 16 | AL49: =INT(AL$45/$C49)+1 -> 22 | AN49: =INT(AN$45/$C49)+1 -> 4 | AO49: =INT(AO$45/$C49)+1 -> 4 | AP49: =INT(AP$45/$C49)+1 -> 5 | AQ49: =INT(AQ$45/$C49)+1 -> 6 | AR49: =INT(AR$45/$C49)+1 -> 7
B50: 5 | C50: 30 | E50: =INT(E$45/$C50)+1 -> 2 | F50: =INT(F$45/$C50)+1 -> 2 | G50: =INT(G$45/$C50)+1 -> 3 | H50: =INT(H$45/$C50)+1 -> 3 | I50: =INT(I$45/$C50)+1 -> 4 | J50: =INT(J$45/$C50)+1 -> 4 | L50: =INT(L$45/$C50)+1 -> 1 | M50: =INT(M$45/$C50)+1 -> 1 | N50: =INT(N$45/$C50)+1 -> 1 | O50: =INT(O$45/$C50)+1 -> 2 | P50: =INT(P$45/$C50)+1 -> 2 | Q50: =INT(Q$45/$C50)+1 -> 2 | S50: =INT(S$45/$C50)+1 -> 1 | T50: =INT(T$45/$C50)+1 -> 2 | U50: =INT(U$45/$C50)+1 -> 2 | V50: =INT(V$45/$C50)+1 -> 2 | W50: =INT(W$45/$C50)+1 -> 2 | Z50: =INT(Z$45/$C50)+1 -> 11 | AA50: =INT(AA$45/$C50)+1 -> 13 | AB50: =INT(AB$45/$C50)+1 -> 15 | AC50: =INT(AC$45/$C50)+1 -> 18 | AD50: =INT(AD$45/$C50)+1 -> 23 | AE50: =INT(AE$45/$C50)+1 -> 27 | AG50: =INT(AG$45/$C50)+1 -> 6 | AH50: =INT(AH$45/$C50)+1 -> 7 | AI50: =INT(AI$45/$C50)+1 -> 8 | AJ50: =INT(AJ$45/$C50)+1 -> 10 | AK50: =INT(AK$45/$C50)+1 -> 14 | AL50: =INT(AL$45/$C50)+1 -> 19 | AN50: =INT(AN$45/$C50)+1 -> 3 | AO50: =INT(AO$45/$C50)+1 -> 4 | AP50: =INT(AP$45/$C50)+1 -> 4 | AQ50: =INT(AQ$45/$C50)+1 -> 5 | AR50: =INT(AR$45/$C50)+1 -> 6
B51: 6 | C51: 35 | E51: =INT(E$45/$C51)+1 -> 2 | F51: =INT(F$45/$C51)+1 -> 2 | G51: =INT(G$45/$C51)+1 -> 2 | H51: =INT(H$45/$C51)+1 -> 3 | I51: =INT(I$45/$C51)+1 -> 3 | J51: =INT(J$45/$C51)+1 -> 4 | L51: =INT(L$45/$C51)+1 -> 1 | M51: =INT(M$45/$C51)+1 -> 1 | N51: =INT(N$45/$C51)+1 -> 1 | O51: =INT(O$45/$C51)+1 -> 1 | P51: =INT(P$45/$C51)+1 -> 2 | Q51: =INT(Q$45/$C51)+1 -> 2 | S51: =INT(S$45/$C51)+1 -> 1 | T51: =INT(T$45/$C51)+1 -> 1 | U51: =INT(U$45/$C51)+1 -> 2 | V51: =INT(V$45/$C51)+1 -> 2 | W51: =INT(W$45/$C51)+1 -> 2 | Z51: =INT(Z$45/$C51)+1 -> 9 | AA51: =INT(AA$45/$C51)+1 -> 11 | AB51: =INT(AB$45/$C51)+1 -> 13 | AC51: =INT(AC$45/$C51)+1 -> 15 | AD51: =INT(AD$45/$C51)+1 -> 20 | AE51: =INT(AE$45/$C51)+1 -> 23 | AG51: =INT(AG$45/$C51)+1 -> 5 | AH51: =INT(AH$45/$C51)+1 -> 6 | AI51: =INT(AI$45/$C51)+1 -> 7 | AJ51: =INT(AJ$45/$C51)+1 -> 9 | AK51: =INT(AK$45/$C51)+1 -> 12 | AL51: =INT(AL$45/$C51)+1 -> 16 | AN51: =INT(AN$45/$C51)+1 -> 3 | AO51: =INT(AO$45/$C51)+1 -> 3 | AP51: =INT(AP$45/$C51)+1 -> 4 | AQ51: =INT(AQ$45/$C51)+1 -> 4 | AR51: =INT(AR$45/$C51)+1 -> 5
B52: 7 | C52: 42 | E52: =INT(E$45/$C52)+1 -> 2 | F52: =INT(F$45/$C52)+1 -> 2 | G52: =INT(G$45/$C52)+1 -> 2 | H52: =INT(H$45/$C52)+1 -> 2 | I52: =INT(I$45/$C52)+1 -> 3 | J52: =INT(J$45/$C52)+1 -> 3 | L52: =INT(L$45/$C52)+1 -> 1 | M52: =INT(M$45/$C52)+1 -> 1 | N52: =INT(N$45/$C52)+1 -> 1 | O52: =INT(O$45/$C52)+1 -> 1 | P52: =INT(P$45/$C52)+1 -> 1 | Q52: =INT(Q$45/$C52)+1 -> 2 | S52: =INT(S$45/$C52)+1 -> 1 | T52: =INT(T$45/$C52)+1 -> 1 | U52: =INT(U$45/$C52)+1 -> 1 | V52: =INT(V$45/$C52)+1 -> 2 | W52: =INT(W$45/$C52)+1 -> 2 | Z52: =INT(Z$45/$C52)+1 -> 8 | AA52: =INT(AA$45/$C52)+1 -> 9 | AB52: =INT(AB$45/$C52)+1 -> 11 | AC52: =INT(AC$45/$C52)+1 -> 13 | AD52: =INT(AD$45/$C52)+1 -> 16 | AE52: =INT(AE$45/$C52)+1 -> 20 | AG52: =INT(AG$45/$C52)+1 -> 4 | AH52: =INT(AH$45/$C52)+1 -> 5 | AI52: =INT(AI$45/$C52)+1 -> 6 | AJ52: =INT(AJ$45/$C52)+1 -> 7 | AK52: =INT(AK$45/$C52)+1 -> 10 | AL52: =INT(AL$45/$C52)+1 -> 13 | AN52: =INT(AN$45/$C52)+1 -> 2 | AO52: =INT(AO$45/$C52)+1 -> 3 | AP52: =INT(AP$45/$C52)+1 -> 3 | AQ52: =INT(AQ$45/$C52)+1 -> 4 | AR52: =INT(AR$45/$C52)+1 -> 4
B53: 8 | C53: 48 | E53: =INT(E$45/$C53)+1 -> 1 | F53: =INT(F$45/$C53)+1 -> 2 | G53: =INT(G$45/$C53)+1 -> 2 | H53: =INT(H$45/$C53)+1 -> 2 | I53: =INT(I$45/$C53)+1 -> 2 | J53: =INT(J$45/$C53)+1 -> 3 | L53: =INT(L$45/$C53)+1 -> 1 | M53: =INT(M$45/$C53)+1 -> 1 | N53: =INT(N$45/$C53)+1 -> 1 | O53: =INT(O$45/$C53)+1 -> 1 | P53: =INT(P$45/$C53)+1 -> 1 | Q53: =INT(Q$45/$C53)+1 -> 1 | S53: =INT(S$45/$C53)+1 -> 1 | T53: =INT(T$45/$C53)+1 -> 1 | U53: =INT(U$45/$C53)+1 -> 1 | V53: =INT(V$45/$C53)+1 -> 1 | W53: =INT(W$45/$C53)+1 -> 2 | Z53: =INT(Z$45/$C53)+1 -> 7 | AA53: =INT(AA$45/$C53)+1 -> 8 | AB53: =INT(AB$45/$C53)+1 -> 9 | AC53: =INT(AC$45/$C53)+1 -> 11 | AD53: =INT(AD$45/$C53)+1 -> 14 | AE53: =INT(AE$45/$C53)+1 -> 17 | AG53: =INT(AG$45/$C53)+1 -> 4 | AH53: =INT(AH$45/$C53)+1 -> 4 | AI53: =INT(AI$45/$C53)+1 -> 5 | AJ53: =INT(AJ$45/$C53)+1 -> 6 | AK53: =INT(AK$45/$C53)+1 -> 9 | AL53: =INT(AL$45/$C53)+1 -> 12 | AN53: =INT(AN$45/$C53)+1 -> 2 | AO53: =INT(AO$45/$C53)+1 -> 2 | AP53: =INT(AP$45/$C53)+1 -> 3 | AQ53: =INT(AQ$45/$C53)+1 -> 3 | AR53: =INT(AR$45/$C53)+1 -> 4
B54: 9 | C54: 56 | E54: =INT(E$45/$C54)+1 -> 1 | F54: =INT(F$45/$C54)+1 -> 1 | G54: =INT(G$45/$C54)+1 -> 2 | H54: =INT(H$45/$C54)+1 -> 2 | I54: =INT(I$45/$C54)+1 -> 2 | J54: =INT(J$45/$C54)+1 -> 2 | L54: =INT(L$45/$C54)+1 -> 1 | M54: =INT(M$45/$C54)+1 -> 1 | N54: =INT(N$45/$C54)+1 -> 1 | O54: =INT(O$45/$C54)+1 -> 1 | P54: =INT(P$45/$C54)+1 -> 1 | Q54: =INT(Q$45/$C54)+1 -> 1 | S54: =INT(S$45/$C54)+1 -> 1 | T54: =INT(T$45/$C54)+1 -> 1 | U54: =INT(U$45/$C54)+1 -> 1 | V54: =INT(V$45/$C54)+1 -> 1 | W54: =INT(W$45/$C54)+1 -> 1 | Z54: =INT(Z$45/$C54)+1 -> 6 | AA54: =INT(AA$45/$C54)+1 -> 7 | AB54: =INT(AB$45/$C54)+1 -> 8 | AC54: =INT(AC$45/$C54)+1 -> 10 | AD54: =INT(AD$45/$C54)+1 -> 12 | AE54: =INT(AE$45/$C54)+1 -> 15 | AG54: =INT(AG$45/$C54)+1 -> 3 | AH54: =INT(AH$45/$C54)+1 -> 4 | AI54: =INT(AI$45/$C54)+1 -> 4 | AJ54: =INT(AJ$45/$C54)+1 -> 6 | AK54: =INT(AK$45/$C54)+1 -> 7 | AL54: =INT(AL$45/$C54)+1 -> 10 | AN54: =INT(AN$45/$C54)+1 -> 2 | AO54: =INT(AO$45/$C54)+1 -> 2 | AP54: =INT(AP$45/$C54)+1 -> 2 | AQ54: =INT(AQ$45/$C54)+1 -> 3 | AR54: =INT(AR$45/$C54)+1 -> 3
B55: 10 | C55: 65 | E55: =INT(E$45/$C55)+1 -> 1 | F55: =INT(F$45/$C55)+1 -> 1 | G55: =INT(G$45/$C55)+1 -> 2 | H55: =INT(H$45/$C55)+1 -> 2 | I55: =INT(I$45/$C55)+1 -> 2 | J55: =INT(J$45/$C55)+1 -> 2 | L55: =INT(L$45/$C55)+1 -> 1 | M55: =INT(M$45/$C55)+1 -> 1 | N55: =INT(N$45/$C55)+1 -> 1 | O55: =INT(O$45/$C55)+1 -> 1 | P55: =INT(P$45/$C55)+1 -> 1 | Q55: =INT(Q$45/$C55)+1 -> 1 | S55: =INT(S$45/$C55)+1 -> 1 | T55: =INT(T$45/$C55)+1 -> 1 | U55: =INT(U$45/$C55)+1 -> 1 | V55: =INT(V$45/$C55)+1 -> 1 | W55: =INT(W$45/$C55)+1 -> 1 | Z55: =INT(Z$45/$C55)+1 -> 5 | AA55: =INT(AA$45/$C55)+1 -> 6 | AB55: =INT(AB$45/$C55)+1 -> 7 | AC55: =INT(AC$45/$C55)+1 -> 9 | AD55: =INT(AD$45/$C55)+1 -> 11 | AE55: =INT(AE$45/$C55)+1 -> 13 | AG55: =INT(AG$45/$C55)+1 -> 3 | AH55: =INT(AH$45/$C55)+1 -> 3 | AI55: =INT(AI$45/$C55)+1 -> 4 | AJ55: =INT(AJ$45/$C55)+1 -> 5 | AK55: =INT(AK$45/$C55)+1 -> 7 | AL55: =INT(AL$45/$C55)+1 -> 9 | AN55: =INT(AN$45/$C55)+1 -> 2 | AO55: =INT(AO$45/$C55)+1 -> 2 | AP55: =INT(AP$45/$C55)+1 -> 2 | AQ55: =INT(AQ$45/$C55)+1 -> 3 | AR55: =INT(AR$45/$C55)+1 -> 3
B56: 11 | C56: 75 | E56: =INT(E$45/$C56)+1 -> 1 | F56: =INT(F$45/$C56)+1 -> 1 | G56: =INT(G$45/$C56)+1 -> 1 | H56: =INT(H$45/$C56)+1 -> 2 | I56: =INT(I$45/$C56)+1 -> 2 | J56: =INT(J$45/$C56)+1 -> 2 | L56: =INT(L$45/$C56)+1 -> 1 | M56: =INT(M$45/$C56)+1 -> 1 | N56: =INT(N$45/$C56)+1 -> 1 | O56: =INT(O$45/$C56)+1 -> 1 | P56: =INT(P$45/$C56)+1 -> 1 | Q56: =INT(Q$45/$C56)+1 -> 1 | S56: =INT(S$45/$C56)+1 -> 1 | T56: =INT(T$45/$C56)+1 -> 1 | U56: =INT(U$45/$C56)+1 -> 1 | V56: =INT(V$45/$C56)+1 -> 1 | W56: =INT(W$45/$C56)+1 -> 1 | Z56: =INT(Z$45/$C56)+1 -> 5 | AA56: =INT(AA$45/$C56)+1 -> 5 | AB56: =INT(AB$45/$C56)+1 -> 6 | AC56: =INT(AC$45/$C56)+1 -> 7 | AD56: =INT(AD$45/$C56)+1 -> 9 | AE56: =INT(AE$45/$C56)+1 -> 11 | AG56: =INT(AG$45/$C56)+1 -> 3 | AH56: =INT(AH$45/$C56)+1 -> 3 | AI56: =INT(AI$45/$C56)+1 -> 3 | AJ56: =INT(AJ$45/$C56)+1 -> 4 | AK56: =INT(AK$45/$C56)+1 -> 6 | AL56: =INT(AL$45/$C56)+1 -> 8 | AN56: =INT(AN$45/$C56)+1 -> 2 | AO56: =INT(AO$45/$C56)+1 -> 2 | AP56: =INT(AP$45/$C56)+1 -> 2 | AQ56: =INT(AQ$45/$C56)+1 -> 2 | AR56: =INT(AR$45/$C56)+1 -> 3
B58: 迫击炮 | E58: 野蛮人 | L58: 弓箭手 | S58: 哥布林 | Z58: 巨人 | AG58: 法师
B59: 射速 | C59: 5s | D59: 等级 | E59: 1 | F59: 2 | G59: 3 | H59: 4 | I59: 5 | J59: 6 | L59: 1 | M59: 2 | N59: 3 | O59: 4 | P59: 5 | Q59: 6 | S59: 1 | T59: 2 | U59: 3 | V59: 4 | W59: 5 | Z59: 1 | AA59: 2 | AB59: 3 | AC59: 4 | AD59: 5 | AE59: 6 | AG59: 1 | AH59: 2 | AI59: 3 | AJ59: 4 | AK59: 5
B60: 等级 | C60: 攻击力 | D60: 血量 | E60: 45 | F60: 54 | G60: 65 | H60: 78 | I60: 95 | J60: 110 | L60: 20 | M60: 23 | N60: 28 | O60: 33 | P60: 40 | Q60: 44 | S60: 25 | T60: 30 | U60: 36 | V60: 43 | W60: 52 | Z60: 300 | AA60: 360 | AB60: 430 | AC60: 520 | AD60: 670 | AE60: 800 | AG60: 75 | AH60: 90 | AI60: 108 | AJ60: 130 | AK60: 156
B61: 1 | C61: 20 | D61: 攻击次数 | E61: =INT(E$60/$C61)+1 -> 3 | F61: =INT(F$60/$C61)+1 -> 3 | G61: =INT(G$60/$C61)+1 -> 4 | H61: =INT(H$60/$C61)+1 -> 4 | I61: =INT(I$60/$C61)+1 -> 5 | J61: =INT(J$60/$C61)+1 -> 6 | L61: =INT(L$60/$C61)+1 -> 2 | M61: =INT(M$60/$C61)+1 -> 2 | N61: =INT(N$60/$C61)+1 -> 2 | O61: =INT(O$60/$C61)+1 -> 2 | P61: =INT(P$60/$C61)+1 -> 3 | Q61: =INT(Q$60/$C61)+1 -> 3 | S61: =INT(S$60/$C61)+1 -> 2 | T61: =INT(T$60/$C61)+1 -> 2 | U61: =INT(U$60/$C61)+1 -> 2 | V61: =INT(V$60/$C61)+1 -> 3 | W61: =INT(W$60/$C61)+1 -> 3 | Z61: =INT(Z$60/$C61)+1 -> 16 | AA61: =INT(AA$60/$C61)+1 -> 19 | AB61: =INT(AB$60/$C61)+1 -> 22 | AC61: =INT(AC$60/$C61)+1 -> 27 | AD61: =INT(AD$60/$C61)+1 -> 34 | AE61: =INT(AE$60/$C61)+1 -> 41 | AG61: =INT(AG$60/$C61)+1 -> 4 | AH61: =INT(AH$60/$C61)+1 -> 5 | AI61: =INT(AI$60/$C61)+1 -> 6 | AJ61: =INT(AJ$60/$C61)+1 -> 7 | AK61: =INT(AK$60/$C61)+1 -> 8
B62: 2 | C62: 25 | E62: =INT(E$60/$C62)+1 -> 2 | F62: =INT(F$60/$C62)+1 -> 3 | G62: =INT(G$60/$C62)+1 -> 3 | H62: =INT(H$60/$C62)+1 -> 4 | I62: =INT(I$60/$C62)+1 -> 4 | J62: =INT(J$60/$C62)+1 -> 5 | L62: =INT(L$60/$C62)+1 -> 1 | M62: =INT(M$60/$C62)+1 -> 1 | N62: =INT(N$60/$C62)+1 -> 2 | O62: =INT(O$60/$C62)+1 -> 2 | P62: =INT(P$60/$C62)+1 -> 2 | Q62: =INT(Q$60/$C62)+1 -> 2 | S62: =INT(S$60/$C62)+1 -> 2 | T62: =INT(T$60/$C62)+1 -> 2 | U62: =INT(U$60/$C62)+1 -> 2 | V62: =INT(V$60/$C62)+1 -> 2 | W62: =INT(W$60/$C62)+1 -> 3 | Z62: =INT(Z$60/$C62)+1 -> 13 | AA62: =INT(AA$60/$C62)+1 -> 15 | AB62: =INT(AB$60/$C62)+1 -> 18 | AC62: =INT(AC$60/$C62)+1 -> 21 | AD62: =INT(AD$60/$C62)+1 -> 27 | AE62: =INT(AE$60/$C62)+1 -> 33 | AG62: =INT(AG$60/$C62)+1 -> 4 | AH62: =INT(AH$60/$C62)+1 -> 4 | AI62: =INT(AI$60/$C62)+1 -> 5 | AJ62: =INT(AJ$60/$C62)+1 -> 6 | AK62: =INT(AK$60/$C62)+1 -> 7
B63: 3 | C63: 30 | E63: =INT(E$60/$C63)+1 -> 2 | F63: =INT(F$60/$C63)+1 -> 2 | G63: =INT(G$60/$C63)+1 -> 3 | H63: =INT(H$60/$C63)+1 -> 3 | I63: =INT(I$60/$C63)+1 -> 4 | J63: =INT(J$60/$C63)+1 -> 4 | L63: =INT(L$60/$C63)+1 -> 1 | M63: =INT(M$60/$C63)+1 -> 1 | N63: =INT(N$60/$C63)+1 -> 1 | O63: =INT(O$60/$C63)+1 -> 2 | P63: =INT(P$60/$C63)+1 -> 2 | Q63: =INT(Q$60/$C63)+1 -> 2 | S63: =INT(S$60/$C63)+1 -> 1 | T63: =INT(T$60/$C63)+1 -> 2 | U63: =INT(U$60/$C63)+1 -> 2 | V63: =INT(V$60/$C63)+1 -> 2 | W63: =INT(W$60/$C63)+1 -> 2 | Z63: =INT(Z$60/$C63)+1 -> 11 | AA63: =INT(AA$60/$C63)+1 -> 13 | AB63: =INT(AB$60/$C63)+1 -> 15 | AC63: =INT(AC$60/$C63)+1 -> 18 | AD63: =INT(AD$60/$C63)+1 -> 23 | AE63: =INT(AE$60/$C63)+1 -> 27 | AG63: =INT(AG$60/$C63)+1 -> 3 | AH63: =INT(AH$60/$C63)+1 -> 4 | AI63: =INT(AI$60/$C63)+1 -> 4 | AJ63: =INT(AJ$60/$C63)+1 -> 5 | AK63: =INT(AK$60/$C63)+1 -> 6
B64: 4 | C64: 35 | E64: =INT(E$60/$C64)+1 -> 2 | F64: =INT(F$60/$C64)+1 -> 2 | G64: =INT(G$60/$C64)+1 -> 2 | H64: =INT(H$60/$C64)+1 -> 3 | I64: =INT(I$60/$C64)+1 -> 3 | J64: =INT(J$60/$C64)+1 -> 4 | L64: =INT(L$60/$C64)+1 -> 1 | M64: =INT(M$60/$C64)+1 -> 1 | N64: =INT(N$60/$C64)+1 -> 1 | O64: =INT(O$60/$C64)+1 -> 1 | P64: =INT(P$60/$C64)+1 -> 2 | Q64: =INT(Q$60/$C64)+1 -> 2 | S64: =INT(S$60/$C64)+1 -> 1 | T64: =INT(T$60/$C64)+1 -> 1 | U64: =INT(U$60/$C64)+1 -> 2 | V64: =INT(V$60/$C64)+1 -> 2 | W64: =INT(W$60/$C64)+1 -> 2 | Z64: =INT(Z$60/$C64)+1 -> 9 | AA64: =INT(AA$60/$C64)+1 -> 11 | AB64: =INT(AB$60/$C64)+1 -> 13 | AC64: =INT(AC$60/$C64)+1 -> 15 | AD64: =INT(AD$60/$C64)+1 -> 20 | AE64: =INT(AE$60/$C64)+1 -> 23 | AG64: =INT(AG$60/$C64)+1 -> 3 | AH64: =INT(AH$60/$C64)+1 -> 3 | AI64: =INT(AI$60/$C64)+1 -> 4 | AJ64: =INT(AJ$60/$C64)+1 -> 4 | AK64: =INT(AK$60/$C64)+1 -> 5
B65: 5 | C65: 40 | E65: =INT(E$60/$C65)+1 -> 2 | F65: =INT(F$60/$C65)+1 -> 2 | G65: =INT(G$60/$C65)+1 -> 2 | H65: =INT(H$60/$C65)+1 -> 2 | I65: =INT(I$60/$C65)+1 -> 3 | J65: =INT(J$60/$C65)+1 -> 3 | L65: =INT(L$60/$C65)+1 -> 1 | M65: =INT(M$60/$C65)+1 -> 1 | N65: =INT(N$60/$C65)+1 -> 1 | O65: =INT(O$60/$C65)+1 -> 1 | P65: =INT(P$60/$C65)+1 -> 2 | Q65: =INT(Q$60/$C65)+1 -> 2 | S65: =INT(S$60/$C65)+1 -> 1 | T65: =INT(T$60/$C65)+1 -> 1 | U65: =INT(U$60/$C65)+1 -> 1 | V65: =INT(V$60/$C65)+1 -> 2 | W65: =INT(W$60/$C65)+1 -> 2 | Z65: =INT(Z$60/$C65)+1 -> 8 | AA65: =INT(AA$60/$C65)+1 -> 10 | AB65: =INT(AB$60/$C65)+1 -> 11 | AC65: =INT(AC$60/$C65)+1 -> 14 | AD65: =INT(AD$60/$C65)+1 -> 17 | AE65: =INT(AE$60/$C65)+1 -> 21 | AG65: =INT(AG$60/$C65)+1 -> 2 | AH65: =INT(AH$60/$C65)+1 -> 3 | AI65: =INT(AI$60/$C65)+1 -> 3 | AJ65: =INT(AJ$60/$C65)+1 -> 4 | AK65: =INT(AK$60/$C65)+1 -> 4
B66: 6 | C66: 45 | E66: =INT(E$60/$C66)+1 -> 2 | F66: =INT(F$60/$C66)+1 -> 2 | G66: =INT(G$60/$C66)+1 -> 2 | H66: =INT(H$60/$C66)+1 -> 2 | I66: =INT(I$60/$C66)+1 -> 3 | J66: =INT(J$60/$C66)+1 -> 3 | L66: =INT(L$60/$C66)+1 -> 1 | M66: =INT(M$60/$C66)+1 -> 1 | N66: =INT(N$60/$C66)+1 -> 1 | O66: =INT(O$60/$C66)+1 -> 1 | P66: =INT(P$60/$C66)+1 -> 1 | Q66: =INT(Q$60/$C66)+1 -> 1 | S66: =INT(S$60/$C66)+1 -> 1 | T66: =INT(T$60/$C66)+1 -> 1 | U66: =INT(U$60/$C66)+1 -> 1 | V66: =INT(V$60/$C66)+1 -> 1 | W66: =INT(W$60/$C66)+1 -> 2 | Z66: =INT(Z$60/$C66)+1 -> 7 | AA66: =INT(AA$60/$C66)+1 -> 9 | AB66: =INT(AB$60/$C66)+1 -> 10 | AC66: =INT(AC$60/$C66)+1 -> 12 | AD66: =INT(AD$60/$C66)+1 -> 15 | AE66: =INT(AE$60/$C66)+1 -> 18 | AG66: =INT(AG$60/$C66)+1 -> 2 | AH66: =INT(AH$60/$C66)+1 -> 3 | AI66: =INT(AI$60/$C66)+1 -> 3 | AJ66: =INT(AJ$60/$C66)+1 -> 3 | AK66: =INT(AK$60/$C66)+1 -> 4
B67: 7 | C67: 55 | E67: =INT(E$60/$C67)+1 -> 1 | F67: =INT(F$60/$C67)+1 -> 1 | G67: =INT(G$60/$C67)+1 -> 2 | H67: =INT(H$60/$C67)+1 -> 2 | I67: =INT(I$60/$C67)+1 -> 2 | J67: =INT(J$60/$C67)+1 -> 3 | L67: =INT(L$60/$C67)+1 -> 1 | M67: =INT(M$60/$C67)+1 -> 1 | N67: =INT(N$60/$C67)+1 -> 1 | O67: =INT(O$60/$C67)+1 -> 1 | P67: =INT(P$60/$C67)+1 -> 1 | Q67: =INT(Q$60/$C67)+1 -> 1 | S67: =INT(S$60/$C67)+1 -> 1 | T67: =INT(T$60/$C67)+1 -> 1 | U67: =INT(U$60/$C67)+1 -> 1 | V67: =INT(V$60/$C67)+1 -> 1 | W67: =INT(W$60/$C67)+1 -> 1 | Z67: =INT(Z$60/$C67)+1 -> 6 | AA67: =INT(AA$60/$C67)+1 -> 7 | AB67: =INT(AB$60/$C67)+1 -> 8 | AC67: =INT(AC$60/$C67)+1 -> 10 | AD67: =INT(AD$60/$C67)+1 -> 13 | AE67: =INT(AE$60/$C67)+1 -> 15 | AG67: =INT(AG$60/$C67)+1 -> 2 | AH67: =INT(AH$60/$C67)+1 -> 2 | AI67: =INT(AI$60/$C67)+1 -> 2 | AJ67: =INT(AJ$60/$C67)+1 -> 3 | AK67: =INT(AK$60/$C67)+1 -> 3
B70: 魔法塔 | E70: 野蛮人 | L70: 弓箭手 | S70: 哥布林 | Z70: 巨人 | AG70: 气球兵 | AN70: 法师
B71: 射速 | C71: 1.3s | D71: 等级 | E71: 1 | F71: 2 | G71: 3 | H71: 4 | I71: 5 | J71: 6 | L71: 1 | M71: 2 | N71: 3 | O71: 4 | P71: 5 | Q71: 6 | S71: 1 | T71: 2 | U71: 3 | V71: 4 | W71: 5 | Z71: 1 | AA71: 2 | AB71: 3 | AC71: 4 | AD71: 5 | AE71: 6 | AG71: 1 | AH71: 2 | AI71: 3 | AJ71: 4 | AK71: 5 | AL71: 6 | AN71: 1 | AO71: 2 | AP71: 3 | AQ71: 4 | AR71: 5
B72: 等级 | C72: 攻击力 | D72: 血量 | E72: 45 | F72: 54 | G72: 65 | H72: 78 | I72: 95 | J72: 110 | L72: 20 | M72: 23 | N72: 28 | O72: 33 | P72: 40 | Q72: 44 | S72: 25 | T72: 30 | U72: 36 | V72: 43 | W72: 52 | Z72: 300 | AA72: 360 | AB72: 430 | AC72: 520 | AD72: 670 | AE72: 800 | AG72: 150 | AH72: 180 | AI72: 216 | AJ72: 280 | AK72: 390 | AL72: 545 | AN72: 75 | AO72: 90 | AP72: 108 | AQ72: 130 | AR72: 156
B73: 1 | C73: 14 | D73: 攻击次数 | E73: =INT(E$72/$C73)+1 -> 4 | F73: =INT(F$72/$C73)+1 -> 4 | G73: =INT(G$72/$C73)+1 -> 5 | H73: =INT(H$72/$C73)+1 -> 6 | I73: =INT(I$72/$C73)+1 -> 7 | J73: =INT(J$72/$C73)+1 -> 8 | L73: =INT(L$72/$C73)+1 -> 2 | M73: =INT(M$72/$C73)+1 -> 2 | N73: =INT(N$72/$C73)+1 -> 3 | O73: =INT(O$72/$C73)+1 -> 3 | P73: =INT(P$72/$C73)+1 -> 3 | Q73: =INT(Q$72/$C73)+1 -> 4 | S73: =INT(S$72/$C73)+1 -> 2 | T73: =INT(T$72/$C73)+1 -> 3 | U73: =INT(U$72/$C73)+1 -> 3 | V73: =INT(V$72/$C73)+1 -> 4 | W73: =INT(W$72/$C73)+1 -> 4 | X73: =INT(X$72/$C73)+1 -> 1 | Z73: =INT(Z$72/$C73)+1 -> 22 | AA73: =INT(AA$72/$C73)+1 -> 26 | AB73: =INT(AB$72/$C73)+1 -> 31 | AC73: =INT(AC$72/$C73)+1 -> 38 | AD73: =INT(AD$72/$C73)+1 -> 48 | AE73: =INT(AE$72/$C73)+1 -> 58 | AG73: =INT(AG$72/$C73)+1 -> 11 | AH73: =INT(AH$72/$C73)+1 -> 13 | AI73: =INT(AI$72/$C73)+1 -> 16 | AJ73: =INT(AJ$72/$C73)+1 -> 21 | AK73: =INT(AK$72/$C73)+1 -> 28 | AL73: =INT(AL$72/$C73)+1 -> 39 | AN73: =INT(AN$72/$C73)+1 -> 6 | AO73: =INT(AO$72/$C73)+1 -> 7 | AP73: =INT(AP$72/$C73)+1 -> 8 | AQ73: =INT(AQ$72/$C73)+1 -> 10 | AR73: =INT(AR$72/$C73)+1 -> 12 | AS73: =INT(AS$72/$C73)+1 -> 1
B74: 2 | C74: 17 | E74: =INT(E$72/$C74)+1 -> 3 | F74: =INT(F$72/$C74)+1 -> 4 | G74: =INT(G$72/$C74)+1 -> 4 | H74: =INT(H$72/$C74)+1 -> 5 | I74: =INT(I$72/$C74)+1 -> 6 | J74: =INT(J$72/$C74)+1 -> 7 | L74: =INT(L$72/$C74)+1 -> 2 | M74: =INT(M$72/$C74)+1 -> 2 | N74: =INT(N$72/$C74)+1 -> 2 | O74: =INT(O$72/$C74)+1 -> 2 | P74: =INT(P$72/$C74)+1 -> 3 | Q74: =INT(Q$72/$C74)+1 -> 3 | S74: =INT(S$72/$C74)+1 -> 2 | T74: =INT(T$72/$C74)+1 -> 2 | U74: =INT(U$72/$C74)+1 -> 3 | V74: =INT(V$72/$C74)+1 -> 3 | W74: =INT(W$72/$C74)+1 -> 4 | X74: =INT(X$72/$C74)+1 -> 1 | Z74: =INT(Z$72/$C74)+1 -> 18 | AA74: =INT(AA$72/$C74)+1 -> 22 | AB74: =INT(AB$72/$C74)+1 -> 26 | AC74: =INT(AC$72/$C74)+1 -> 31 | AD74: =INT(AD$72/$C74)+1 -> 40 | AE74: =INT(AE$72/$C74)+1 -> 48 | AG74: =INT(AG$72/$C74)+1 -> 9 | AH74: =INT(AH$72/$C74)+1 -> 11 | AI74: =INT(AI$72/$C74)+1 -> 13 | AJ74: =INT(AJ$72/$C74)+1 -> 17 | AK74: =INT(AK$72/$C74)+1 -> 23 | AL74: =INT(AL$72/$C74)+1 -> 33 | AN74: =INT(AN$72/$C74)+1 -> 5 | AO74: =INT(AO$72/$C74)+1 -> 6 | AP74: =INT(AP$72/$C74)+1 -> 7 | AQ74: =INT(AQ$72/$C74)+1 -> 8 | AR74: =INT(AR$72/$C74)+1 -> 10 | AS74: =INT(AS$72/$C74)+1 -> 1
B75: 3 | C75: 21 | E75: =INT(E$72/$C75)+1 -> 3 | F75: =INT(F$72/$C75)+1 -> 3 | G75: =INT(G$72/$C75)+1 -> 4 | H75: =INT(H$72/$C75)+1 -> 4 | I75: =INT(I$72/$C75)+1 -> 5 | J75: =INT(J$72/$C75)+1 -> 6 | L75: =INT(L$72/$C75)+1 -> 1 | M75: =INT(M$72/$C75)+1 -> 2 | N75: =INT(N$72/$C75)+1 -> 2 | O75: =INT(O$72/$C75)+1 -> 2 | P75: =INT(P$72/$C75)+1 -> 2 | Q75: =INT(Q$72/$C75)+1 -> 3 | S75: =INT(S$72/$C75)+1 -> 2 | T75: =INT(T$72/$C75)+1 -> 2 | U75: =INT(U$72/$C75)+1 -> 2 | V75: =INT(V$72/$C75)+1 -> 3 | W75: =INT(W$72/$C75)+1 -> 3 | X75: =INT(X$72/$C75)+1 -> 1 | Z75: =INT(Z$72/$C75)+1 -> 15 | AA75: =INT(AA$72/$C75)+1 -> 18 | AB75: =INT(AB$72/$C75)+1 -> 21 | AC75: =INT(AC$72/$C75)+1 -> 25 | AD75: =INT(AD$72/$C75)+1 -> 32 | AE75: =INT(AE$72/$C75)+1 -> 39 | AG75: =INT(AG$72/$C75)+1 -> 8 | AH75: =INT(AH$72/$C75)+1 -> 9 | AI75: =INT(AI$72/$C75)+1 -> 11 | AJ75: =INT(AJ$72/$C75)+1 -> 14 | AK75: =INT(AK$72/$C75)+1 -> 19 | AL75: =INT(AL$72/$C75)+1 -> 26 | AN75: =INT(AN$72/$C75)+1 -> 4 | AO75: =INT(AO$72/$C75)+1 -> 5 | AP75: =INT(AP$72/$C75)+1 -> 6 | AQ75: =INT(AQ$72/$C75)+1 -> 7 | AR75: =INT(AR$72/$C75)+1 -> 8 | AS75: =INT(AS$72/$C75)+1 -> 1
B76: 4 | C76: 26 | E76: =INT(E$72/$C76)+1 -> 2 | F76: =INT(F$72/$C76)+1 -> 3 | G76: =INT(G$72/$C76)+1 -> 3 | H76: =INT(H$72/$C76)+1 -> 4 | I76: =INT(I$72/$C76)+1 -> 4 | J76: =INT(J$72/$C76)+1 -> 5 | L76: =INT(L$72/$C76)+1 -> 1 | M76: =INT(M$72/$C76)+1 -> 1 | N76: =INT(N$72/$C76)+1 -> 2 | O76: =INT(O$72/$C76)+1 -> 2 | P76: =INT(P$72/$C76)+1 -> 2 | Q76: =INT(Q$72/$C76)+1 -> 2 | S76: =INT(S$72/$C76)+1 -> 1 | T76: =INT(T$72/$C76)+1 -> 2 | U76: =INT(U$72/$C76)+1 -> 2 | V76: =INT(V$72/$C76)+1 -> 2 | W76: =INT(W$72/$C76)+1 -> 3 | X76: =INT(X$72/$C76)+1 -> 1 | Z76: =INT(Z$72/$C76)+1 -> 12 | AA76: =INT(AA$72/$C76)+1 -> 14 | AB76: =INT(AB$72/$C76)+1 -> 17 | AC76: =INT(AC$72/$C76)+1 -> 21 | AD76: =INT(AD$72/$C76)+1 -> 26 | AE76: =INT(AE$72/$C76)+1 -> 31 | AG76: =INT(AG$72/$C76)+1 -> 6 | AH76: =INT(AH$72/$C76)+1 -> 7 | AI76: =INT(AI$72/$C76)+1 -> 9 | AJ76: =INT(AJ$72/$C76)+1 -> 11 | AK76: =INT(AK$72/$C76)+1 -> 16 | AL76: =INT(AL$72/$C76)+1 -> 21 | AN76: =INT(AN$72/$C76)+1 -> 3 | AO76: =INT(AO$72/$C76)+1 -> 4 | AP76: =INT(AP$72/$C76)+1 -> 5 | AQ76: =INT(AQ$72/$C76)+1 -> 6 | AR76: =INT(AR$72/$C76)+1 -> 7 | AS76: =INT(AS$72/$C76)+1 -> 1
B77: 5 | C77: 31 | E77: =INT(E$72/$C77)+1 -> 2 | F77: =INT(F$72/$C77)+1 -> 2 | G77: =INT(G$72/$C77)+1 -> 3 | H77: =INT(H$72/$C77)+1 -> 3 | I77: =INT(I$72/$C77)+1 -> 4 | J77: =INT(J$72/$C77)+1 -> 4 | L77: =INT(L$72/$C77)+1 -> 1 | M77: =INT(M$72/$C77)+1 -> 1 | N77: =INT(N$72/$C77)+1 -> 1 | O77: =INT(O$72/$C77)+1 -> 2 | P77: =INT(P$72/$C77)+1 -> 2 | Q77: =INT(Q$72/$C77)+1 -> 2 | S77: =INT(S$72/$C77)+1 -> 1 | T77: =INT(T$72/$C77)+1 -> 1 | U77: =INT(U$72/$C77)+1 -> 2 | V77: =INT(V$72/$C77)+1 -> 2 | W77: =INT(W$72/$C77)+1 -> 2 | X77: =INT(X$72/$C77)+1 -> 1 | Z77: =INT(Z$72/$C77)+1 -> 10 | AA77: =INT(AA$72/$C77)+1 -> 12 | AB77: =INT(AB$72/$C77)+1 -> 14 | AC77: =INT(AC$72/$C77)+1 -> 17 | AD77: =INT(AD$72/$C77)+1 -> 22 | AE77: =INT(AE$72/$C77)+1 -> 26 | AG77: =INT(AG$72/$C77)+1 -> 5 | AH77: =INT(AH$72/$C77)+1 -> 6 | AI77: =INT(AI$72/$C77)+1 -> 7 | AJ77: =INT(AJ$72/$C77)+1 -> 10 | AK77: =INT(AK$72/$C77)+1 -> 13 | AL77: =INT(AL$72/$C77)+1 -> 18 | AN77: =INT(AN$72/$C77)+1 -> 3 | AO77: =INT(AO$72/$C77)+1 -> 3 | AP77: =INT(AP$72/$C77)+1 -> 4 | AQ77: =INT(AQ$72/$C77)+1 -> 5 | AR77: =INT(AR$72/$C77)+1 -> 6 | AS77: =INT(AS$72/$C77)+1 -> 1
B78: 6 | C78: 42 | E78: =INT(E$72/$C78)+1 -> 2 | F78: =INT(F$72/$C78)+1 -> 2 | G78: =INT(G$72/$C78)+1 -> 2 | H78: =INT(H$72/$C78)+1 -> 2 | I78: =INT(I$72/$C78)+1 -> 3 | J78: =INT(J$72/$C78)+1 -> 3 | L78: =INT(L$72/$C78)+1 -> 1 | M78: =INT(M$72/$C78)+1 -> 1 | N78: =INT(N$72/$C78)+1 -> 1 | O78: =INT(O$72/$C78)+1 -> 1 | P78: =INT(P$72/$C78)+1 -> 1 | Q78: =INT(Q$72/$C78)+1 -> 2 | S78: =INT(S$72/$C78)+1 -> 1 | T78: =INT(T$72/$C78)+1 -> 1 | U78: =INT(U$72/$C78)+1 -> 1 | V78: =INT(V$72/$C78)+1 -> 2 | W78: =INT(W$72/$C78)+1 -> 2 | X78: =INT(X$72/$C78)+1 -> 1 | Z78: =INT(Z$72/$C78)+1 -> 8 | AA78: =INT(AA$72/$C78)+1 -> 9 | AB78: =INT(AB$72/$C78)+1 -> 11 | AC78: =INT(AC$72/$C78)+1 -> 13 | AD78: =INT(AD$72/$C78)+1 -> 16 | AE78: =INT(AE$72/$C78)+1 -> 20 | AG78: =INT(AG$72/$C78)+1 -> 4 | AH78: =INT(AH$72/$C78)+1 -> 5 | AI78: =INT(AI$72/$C78)+1 -> 6 | AJ78: =INT(AJ$72/$C78)+1 -> 7 | AK78: =INT(AK$72/$C78)+1 -> 10 | AL78: =INT(AL$72/$C78)+1 -> 13 | AN78: =INT(AN$72/$C78)+1 -> 2 | AO78: =INT(AO$72/$C78)+1 -> 3 | AP78: =INT(AP$72/$C78)+1 -> 3 | AQ78: =INT(AQ$72/$C78)+1 -> 4 | AR78: =INT(AR$72/$C78)+1 -> 4 | AS78: =INT(AS$72/$C78)+1 -> 1
B79: 7 | C79: 52 | E79: =INT(E$72/$C79)+1 -> 1 | F79: =INT(F$72/$C79)+1 -> 2 | G79: =INT(G$72/$C79)+1 -> 2 | H79: =INT(H$72/$C79)+1 -> 2 | I79: =INT(I$72/$C79)+1 -> 2 | J79: =INT(J$72/$C79)+1 -> 3 | L79: =INT(L$72/$C79)+1 -> 1 | M79: =INT(M$72/$C79)+1 -> 1 | N79: =INT(N$72/$C79)+1 -> 1 | O79: =INT(O$72/$C79)+1 -> 1 | P79: =INT(P$72/$C79)+1 -> 1 | Q79: =INT(Q$72/$C79)+1 -> 1 | S79: =INT(S$72/$C79)+1 -> 1 | T79: =INT(T$72/$C79)+1 -> 1 | U79: =INT(U$72/$C79)+1 -> 1 | V79: =INT(V$72/$C79)+1 -> 1 | W79: =INT(W$72/$C79)+1 -> 2 | X79: =INT(X$72/$C79)+1 -> 1 | Z79: =INT(Z$72/$C79)+1 -> 6 | AA79: =INT(AA$72/$C79)+1 -> 7 | AB79: =INT(AB$72/$C79)+1 -> 9 | AC79: =INT(AC$72/$C79)+1 -> 11 | AD79: =INT(AD$72/$C79)+1 -> 13 | AE79: =INT(AE$72/$C79)+1 -> 16 | AG79: =INT(AG$72/$C79)+1 -> 3 | AH79: =INT(AH$72/$C79)+1 -> 4 | AI79: =INT(AI$72/$C79)+1 -> 5 | AJ79: =INT(AJ$72/$C79)+1 -> 6 | AK79: =INT(AK$72/$C79)+1 -> 8 | AL79: =INT(AL$72/$C79)+1 -> 11 | AN79: =INT(AN$72/$C79)+1 -> 2 | AO79: =INT(AO$72/$C79)+1 -> 2 | AP79: =INT(AP$72/$C79)+1 -> 3 | AQ79: =INT(AQ$72/$C79)+1 -> 3 | AR79: =INT(AR$72/$C79)+1 -> 4 | AS79: =INT(AS$72/$C79)+1 -> 1
B82: 对空塔 | E82: 气球兵
B83: 射速 | C83: 1s | D83: 等级 | E83: 1 | F83: 2 | G83: 3 | H83: 4 | I83: 5 | J83: 6
B84: 等级 | C84: 攻击力 | D84: 血量 | E84: 150 | F84: 180 | G84: 216 | H84: 280 | I84: 390 | J84: 545
B85: 1 | C85: 80 | D85: 攻击次数 | E85: =INT(AG$45/$C85)+1 -> 2 | F85: =INT(AH$45/$C85)+1 -> 3 | G85: =INT(AI$45/$C85)+1 -> 3 | H85: =INT(AJ$45/$C85)+1 -> 4 | I85: =INT(AK$45/$C85)+1 -> 5 | J85: =INT(AL$45/$C85)+1 -> 7
B86: 2 | C86: 110 | E86: =INT(AG$45/$C86)+1 -> 2 | F86: =INT(AH$45/$C86)+1 -> 2 | G86: =INT(AI$45/$C86)+1 -> 2 | H86: =INT(AJ$45/$C86)+1 -> 3 | I86: =INT(AK$45/$C86)+1 -> 4 | J86: =INT(AL$45/$C86)+1 -> 5
B87: 3 | C87: 140 | E87: =INT(AG$45/$C87)+1 -> 2 | F87: =INT(AH$45/$C87)+1 -> 2 | G87: =INT(AI$45/$C87)+1 -> 2 | H87: =INT(AJ$45/$C87)+1 -> 3 | I87: =INT(AK$45/$C87)+1 -> 3 | J87: =INT(AL$45/$C87)+1 -> 4
B88: 4 | C88: 160 | E88: =INT(AG$45/$C88)+1 -> 1 | F88: =INT(AH$45/$C88)+1 -> 2 | G88: =INT(AI$45/$C88)+1 -> 2 | H88: =INT(AJ$45/$C88)+1 -> 2 | I88: =INT(AK$45/$C88)+1 -> 3 | J88: =INT(AL$45/$C88)+1 -> 4
B89: 5 | C89: 190 | E89: =INT(AG$45/$C89)+1 -> 1 | F89: =INT(AH$45/$C89)+1 -> 1 | G89: =INT(AI$45/$C89)+1 -> 2 | H89: =INT(AJ$45/$C89)+1 -> 2 | I89: =INT(AK$45/$C89)+1 -> 3 | J89: =INT(AL$45/$C89)+1 -> 3
B90: 6 | C90: 230 | E90: =INT(AG$45/$C90)+1 -> 1 | F90: =INT(AH$45/$C90)+1 -> 1 | G90: =INT(AI$45/$C90)+1 -> 1 | H90: =INT(AJ$45/$C90)+1 -> 2 | I90: =INT(AK$45/$C90)+1 -> 2 | J90: =INT(AL$45/$C90)+1 -> 3
B91: 7 | C91: 280 | E91: =INT(AG$45/$C91)+1 -> 1 | F91: =INT(AH$45/$C91)+1 -> 1 | G91: =INT(AI$45/$C91)+1 -> 1 | H91: =INT(AJ$45/$C91)+1 -> 2 | I91: =INT(AK$45/$C91)+1 -> 2 | J91: =INT(AL$45/$C91)+1 -> 2
B92: 8 | C92: 320 | E92: =INT(AG$45/$C92)+1 -> 1 | F92: =INT(AH$45/$C92)+1 -> 1 | G92: =INT(AI$45/$C92)+1 -> 1 | H92: =INT(AJ$45/$C92)+1 -> 1 | I92: =INT(AK$45/$C92)+1 -> 2 | J92: =INT(AL$45/$C92)+1 -> 2
B94: 城墙 | E94: 炸弹人
D95: 等级 | E95: 1 | F95: 2 | G95: 3 | H95: 4 | I95: 5
B96: 等级 | C96: 血量 | D96: 攻击力 | E96: 480 | F96: 640 | G96: 960 | H96: 1280 | I96: 1840
B97: 1 | C97: 300 | D97: 使用个数 | E97: =INT($C97/E$96)+1 -> 1 | F97: =INT($C97/F$96)+1 -> 1 | G97: =INT($C97/G$96)+1 -> 1 | H97: =INT($C97/H$96)+1 -> 1 | I97: =INT($C97/I$96)+1 -> 1
B98: 2 | C98: 500 | E98: =INT($C98/E$96)+1 -> 2 | F98: =INT($C98/F$96)+1 -> 1 | G98: =INT($C98/G$96)+1 -> 1 | H98: =INT($C98/H$96)+1 -> 1 | I98: =INT($C98/I$96)+1 -> 1
B99: 3 | C99: 700 | E99: =INT($C99/E$96)+1 -> 2 | F99: =INT($C99/F$96)+1 -> 2 | G99: =INT($C99/G$96)+1 -> 1 | H99: =INT($C99/H$96)+1 -> 1 | I99: =INT($C99/I$96)+1 -> 1
B100: 4 | C100: 900 | E100: =INT($C100/E$96)+1 -> 2 | F100: =INT($C100/F$96)+1 -> 2 | G100: =INT($C100/G$96)+1 -> 1 | H100: =INT($C100/H$96)+1 -> 1 | I100: =INT($C100/I$96)+1 -> 1
B101: 5 | C101: 1400 | E101: =INT($C101/E$96)+1 -> 3 | F101: =INT($C101/F$96)+1 -> 3 | G101: =INT($C101/G$96)+1 -> 2 | H101: =INT($C101/H$96)+1 -> 2 | I101: =INT($C101/I$96)+1 -> 1
B102: 6 | C102: 2000 | E102: =INT($C102/E$96)+1 -> 5 | F102: =INT($C102/F$96)+1 -> 4 | G102: =INT($C102/G$96)+1 -> 3 | H102: =INT($C102/H$96)+1 -> 2 | I102: =INT($C102/I$96)+1 -> 2
B103: 7 | C103: 2500 | E103: =INT($C103/E$96)+1 -> 6 | F103: =INT($C103/F$96)+1 -> 4 | G103: =INT($C103/G$96)+1 -> 3 | H103: =INT($C103/H$96)+1 -> 2 | I103: =INT($C103/I$96)+1 -> 2
B104: 8 | C104: 3000 | E104: =INT($C104/E$96)+1 -> 7 | F104: =INT($C104/F$96)+1 -> 5 | G104: =INT($C104/G$96)+1 -> 4 | H104: =INT($C104/H$96)+1 -> 3 | I104: =INT($C104/I$96)+1 -> 2
B105: 9 | C105: 4000 | E105: =INT($C105/E$96)+1 -> 9 | F105: =INT($C105/F$96)+1 -> 7 | G105: =INT($C105/G$96)+1 -> 5 | H105: =INT($C105/H$96)+1 -> 4 | I105: =INT($C105/I$96)+1 -> 3
B106: 10 | C106: 5500 | E106: =INT($C106/E$96)+1 -> 12 | F106: =INT($C106/F$96)+1 -> 9 | G106: =INT($C106/G$96)+1 -> 6 | H106: =INT($C106/H$96)+1 -> 5 | I106: =INT($C106/I$96)+1 -> 3
B107: 11 | C107: 7000 | E107: =INT($C107/E$96)+1 -> 15 | F107: =INT($C107/F$96)+1 -> 11 | G107: =INT($C107/G$96)+1 -> 8 | H107: =INT($C107/H$96)+1 -> 6 | I107: =INT($C107/I$96)+1 -> 4
B110: 闪电 | E110: 加农炮 | S110: 箭塔 | AE110: 迫击炮 | AN110: 魔法塔
D111: 等级 | E111: 1 | F111: 2 | G111: 3 | H111: 4 | I111: 5 | J111: 6 | K111: 7 | L111: 8 | M111: 9 | N111: 10 | O111: 11 | P111: 12 | S111: 1 | T111: 2 | U111: 3 | V111: 4 | W111: 5 | X111: 6 | Y111: 7 | Z111: 8 | AA111: 9 | AB111: 10 | AC111: 11 | AE111: 1 | AF111: 2 | AG111: 3 | AH111: 4 | AI111: 5 | AJ111: 6 | AK111: 7 | AN111: 1 | AO111: 2 | AP111: 3 | AQ111: 4 | AR111: 5 | AS111: 6 | AT111: 7
B112: 等级 | C112: 攻击力 | D112: 血量 | E112: 400 | F112: 450 | G112: 500 | H112: 550 | I112: 590 | J112: 610 | K112: 630 | L112: 660 | M112: 690 | N112: 750 | O112: 900 | P112: 1080 | S112: 400 | T112: 450 | U112: 500 | V112: 550 | W112: 590 | X112: 610 | Y112: 630 | Z112: 660 | AA112: 690 | AB112: 720 | AC112: 750 | AE112: 400 | AF112: 450 | AG112: 500 | AH112: 550 | AI112: 590 | AJ112: 610 | AK112: 640 | AN112: 620 | AO112: 660 | AP112: 690 | AQ112: 720 | AR112: 760 | AS112: 800 | AT112: 840
B113: 1 | C113: 300 | D113: 剩余血量 | E113: =IF(E$112-$C113<0,0,E$112-$C113) -> 100 | F113: =IF(F$112-$C113<0,0,F$112-$C113) -> 150 | G113: =IF(G$112-$C113<0,0,G$112-$C113) -> 200 | H113: =IF(H$112-$C113<0,0,H$112-$C113) -> 250 | I113: =IF(I$112-$C113<0,0,I$112-$C113) -> 290 | J113: =IF(J$112-$C113<0,0,J$112-$C113) -> 310 | K113: =IF(K$112-$C113<0,0,K$112-$C113) -> 330 | L113: =IF(L$112-$C113<0,0,L$112-$C113) -> 360 | ... P113: =IF(P$112-$C113<0,0,P$112-$C113) -> 780 | S113: =IF(S$112-$C113<0,0,S$112-$C113) -> 100 | T113: =IF(T$112-$C113<0,0,T$112-$C113) -> 150 | U113: =IF(U$112-$C113<0,0,U$112-$C113) -> 200 | V113: =IF(V$112-$C113<0,0,V$112-$C113) -> 250 | W113: =IF(W$112-$C113<0,0,W$112-$C113) -> 290 | X113: =IF(X$112-$C113<0,0,X$112-$C113) -> 310 | Y113: =IF(Y$112-$C113<0,0,Y$112-$C113) -> 330 | Z113: =IF(Z$112-$C113<0,0,Z$112-$C113) -> 360 | ... AC113: =IF(AC$112-$C113<0,0,AC$112-$C113) -> 450 | AE113: =IF(AE$112-$C113<0,0,AE$112-$C113) -> 100 | AF113: =IF(AF$112-$C113<0,0,AF$112-$C113) -> 150 | AG113: =IF(AG$112-$C113<0,0,AG$112-$C113) -> 200 | AH113: =IF(AH$112-$C113<0,0,AH$112-$C113) -> 250 | AI113: =IF(AI$112-$C113<0,0,AI$112-$C113) -> 290 | AJ113: =IF(AJ$112-$C113<0,0,AJ$112-$C113) -> 310 | AK113: =IF(AK$112-$C113<0,0,AK$112-$C113) -> 340 | AN113: =IF(AN$112-$C113<0,0,AN$112-$C113) -> 320 | AO113: =IF(AO$112-$C113<0,0,AO$112-$C113) -> 360 | AP113: =IF(AP$112-$C113<0,0,AP$112-$C113) -> 390 | AQ113: =IF(AQ$112-$C113<0,0,AQ$112-$C113) -> 420 | AR113: =IF(AR$112-$C113<0,0,AR$112-$C113) -> 460 | AS113: =IF(AS$112-$C113<0,0,AS$112-$C113) -> 500 | AT113: =IF(AT$112-$C113<0,0,AT$112-$C113) -> 540
B114: 2 | C114: 330 | E114: =IF(E$112-$C114<0,0,E$112-$C114) -> 70 | F114: =IF(F$112-$C114<0,0,F$112-$C114) -> 120 | G114: =IF(G$112-$C114<0,0,G$112-$C114) -> 170 | H114: =IF(H$112-$C114<0,0,H$112-$C114) -> 220 | I114: =IF(I$112-$C114<0,0,I$112-$C114) -> 260 | J114: =IF(J$112-$C114<0,0,J$112-$C114) -> 280 | K114: =IF(K$112-$C114<0,0,K$112-$C114) -> 300 | L114: =IF(L$112-$C114<0,0,L$112-$C114) -> 330 | ... P114: =IF(P$112-$C114<0,0,P$112-$C114) -> 750 | S114: =IF(S$112-$C114<0,0,S$112-$C114) -> 70 | T114: =IF(T$112-$C114<0,0,T$112-$C114) -> 120 | U114: =IF(U$112-$C114<0,0,U$112-$C114) -> 170 | V114: =IF(V$112-$C114<0,0,V$112-$C114) -> 220 | W114: =IF(W$112-$C114<0,0,W$112-$C114) -> 260 | X114: =IF(X$112-$C114<0,0,X$112-$C114) -> 280 | Y114: =IF(Y$112-$C114<0,0,Y$112-$C114) -> 300 | Z114: =IF(Z$112-$C114<0,0,Z$112-$C114) -> 330 | ... AC114: =IF(AC$112-$C114<0,0,AC$112-$C114) -> 420 | AE114: =IF(AE$112-$C114<0,0,AE$112-$C114) -> 70 | AF114: =IF(AF$112-$C114<0,0,AF$112-$C114) -> 120 | AG114: =IF(AG$112-$C114<0,0,AG$112-$C114) -> 170 | AH114: =IF(AH$112-$C114<0,0,AH$112-$C114) -> 220 | AI114: =IF(AI$112-$C114<0,0,AI$112-$C114) -> 260 | AJ114: =IF(AJ$112-$C114<0,0,AJ$112-$C114) -> 280 | AK114: =IF(AK$112-$C114<0,0,AK$112-$C114) -> 310 | AN114: =IF(AN$112-$C114<0,0,AN$112-$C114) -> 290 | AO114: =IF(AO$112-$C114<0,0,AO$112-$C114) -> 330 | AP114: =IF(AP$112-$C114<0,0,AP$112-$C114) -> 360 | AQ114: =IF(AQ$112-$C114<0,0,AQ$112-$C114) -> 390 | AR114: =IF(AR$112-$C114<0,0,AR$112-$C114) -> 430 | AS114: =IF(AS$112-$C114<0,0,AS$112-$C114) -> 470 | AT114: =IF(AT$112-$C114<0,0,AT$112-$C114) -> 510
...

Sheet 数据整合
A2: 资源类
B3: 大本营等级 | C3: 金矿个数 | D3: 金矿等级 | E3: 圣水个数 | F3: 圣水等级 | G3: 储金罐个数 | H3: 储金罐等级 | I3: 圣水瓶个数 | J3: 圣水瓶等级 | K3: 黑水个数 | L3: 黑水等级 | M3: 黑水瓶个数 | N3: 黑水瓶等级
B4: 1 | C4: 1 | D4: 2 | E4: 1 | F4: 2 | G4: 1 | H4: 1 | I4: 1 | J4: 1 | K4: 0 | L4: 0 | M4: 0 | N4: 0
B5: 2 | C5: 2 | D5: 4 | E5: 2 | F5: 4 | G5: 1 | H5: 3 | I5: 1 | J5: 3 | K5: 0 | L5: 0 | M5: 0 | N5: 0
B6: 3 | C6: 3 | D6: 6 | E6: 3 | F6: 6 | G6: 2 | H6: 6 | I6: 2 | J6: 6 | K6: 0 | L6: 0 | M6: 0 | N6: 0
B7: 4 | C7: 4 | D7: 8 | E7: 4 | F7: 8 | G7: 2 | H7: 8 | I7: 2 | J7: 8 | K7: 0 | L7: 0 | M7: 0 | N7: 0
B8: 5 | C8: 5 | D8: 10 | E8: 5 | F8: 10 | G8: 2 | H8: 9 | I8: 2 | J8: 9 | K8: 0 | L8: 0 | M8: 0 | N8: 0
B9: 6 | C9: 6 | D9: 10 | E9: 6 | F9: 10 | G9: 2 | H9: 10 | I9: 2 | J9: 10 | K9: 0 | L9: 0 | M9: 0 | N9: 0
B10: 7 | C10: 6 | D10: 11 | E10: 6 | F10: 11 | G10: 2 | H10: 11 | I10: 2 | J10: 11 | K10: 0 | L10: 0 | M10: 1 | N10: 2
B11: 8 | C11: 6 | D11: 11 | E11: 6 | F11: 11 | G11: 3 | H11: 11 | I11: 3 | J11: 11 | K11: 1 | L11: 3 | M11: 1 | N11: 4
B12: 9 | C12: 6 | D12: 11 | E12: 6 | F12: 11 | G12: 3 | H12: 11 | I12: 3 | J12: 11 | K12: 2 | L12: 6 | M12: 1 | N12: 6
B13: 10 | C13: 6 | D13: 11 | E13: 6 | F13: 11 | G13: 3 | H13: 11 | I13: 3 | J13: 11 | K13: 3 | L13: 6 | M13: 1 | N13: 6
B15: 时间统计
B16: 大本营等级 | C16: 大本营时间 | D16: 金矿总时间 | E16: 金矿时间 | F16: 圣水时间 | G16: 金矿总时间 | H16: 金矿时间 | I16: 圣水时间 | J16: 黑水总时间 | K16: 黑水时间 | L16: 黑水瓶总时间 | M16: 黑水瓶时间 | N16: 总时间
B17: 1 | C17: 0 | D17: =HLOOKUP(D4,建筑配置!$C$16:$M$18,3,FALSE)*C4 -> 0.1 | E17: =D17 -> 0.1 | F17: =E17 -> 0.1 | G17: =HLOOKUP(H4,建筑配置!$C$35:$M$37,3,FALSE)*G4 -> 0.25 | H17: =G17 -> 0.25 | I17: =H17 -> 0.25 | J17: =IFERROR(K4*HLOOKUP(L4,建筑配置!$C$52:$H$54,3,FALSE),0) -> 0 | K17: =J17 -> 0 | L17: =IFERROR(HLOOKUP(N4,建筑配置!$C$52:$H$54,3,FALSE)*M4,0) -> 0 | M17: =L17 -> 0 | N17: =SUM(C18,E17,F17,H17,I17,K17,M17) -> 0.783
B18: 2 | C18: 0.083 | D18: =HLOOKUP(D5,建筑配置!$C$16:$M$18,3,FALSE)*C5 -> 2.7 | E18: =D18-D17 -> 2.6 | F18: =E18 -> 2.6 | G18: =HLOOKUP(H5,建筑配置!$C$35:$M$37,3,FALSE)*G5 -> 1.75 | H18: =G18-G17 -> 1.5 | I18: =H18 -> 1.5 | J18: =IFERROR(K5*HLOOKUP(L5,建筑配置!$C$52:$H$54,3,FALSE),0) -> 0 | K18: =J18-J17 -> 0 | L18: =IFERROR(HLOOKUP(N5,建筑配置!$C$52:$H$54,3,FALSE)*M5,0) -> 0 | M18: =L18-L17 -> 0 | N18: =SUM(C19,E18,F18,H18,I18,K18,M18) -> 11.2
B19: 3 | C19: 3 | D19: =HLOOKUP(D6,建筑配置!$C$16:$M$18,3,FALSE)*C6 -> 28.05 | E19: =D19-D18 -> 25.35 | F19: =E19 -> 25.35 | G19: =HLOOKUP(H6,建筑配置!$C$35:$M$37,3,FALSE)*G6 -> 21.5 | H19: =G19-G18 -> 19.75 | I19: =H19 -> 19.75 | J19: =IFERROR(K6*HLOOKUP(L6,建筑配置!$C$52:$H$54,3,FALSE),0) -> 0 | K19: =J19-J18 -> 0 | L19: =IFERROR(HLOOKUP(N6,建筑配置!$C$52:$H$54,3,FALSE)*M6,0) -> 0 | M19: =L19-L18 -> 0 | N19: =SUM(C20,E19,F19,H19,I19,K19,M19) -> 114.2
B20: 4 | C20: 24 | D20: =HLOOKUP(D7,建筑配置!$C$16:$M$18,3,FALSE)*C7 -> 181.4 | E20: =D20-D19 -> 153.35 | F20: =E20 -> 153.35 | G20: =HLOOKUP(H7,建筑配置!$C$35:$M$37,3,FALSE)*G7 -> 49.5 | H20: =G20-G19 -> 28 | I20: =H20 -> 28 | J20: =IFERROR(K7*HLOOKUP(L7,建筑配置!$C$52:$H$54,3,FALSE),0) -> 0 | K20: =J20-J19 -> 0 | L20: =IFERROR(HLOOKUP(N7,建筑配置!$C$52:$H$54,3,FALSE)*M7,0) -> 0 | M20: =L20-L19 -> 0 | N20: =SUM(C21,E20,F20,H20,I20,K20,M20) -> 410.7
B21: 5 | C21: 48 | D21: =HLOOKUP(D8,建筑配置!$C$16:$M$18,3,FALSE)*C8 -> 826.75 | E21: =D21-D20 -> 645.35 | F21: =E21 -> 645.35 | G21: =HLOOKUP(H8,建筑配置!$C$35:$M$37,3,FALSE)*G8 -> 73.5 | H21: =G21-G20 -> 24 | I21: =H21 -> 24 | J21: =IFERROR(K8*HLOOKUP(L8,建筑配置!$C$52:$H$54,3,FALSE),0) -> 0 | K21: =J21-J20 -> 0 | L21: =IFERROR(HLOOKUP(N8,建筑配置!$C$52:$H$54,3,FALSE)*M8,0) -> 0 | M21: =L21-L20 -> 0 | N21: =SUM(C22,E21,F21,H21,I21,K21,M21) -> 1434.7
B22: 6 | C22: 96 | D22: =HLOOKUP(D9,建筑配置!$C$16:$M$18,3,FALSE)*C9 -> 992.1 | E22: =D22-D21 -> 165.35 | F22: =E22 -> 165.35 | G22: =HLOOKUP(H9,建筑配置!$C$35:$M$37,3,FALSE)*G9 -> 121.5 | H22: =G22-G21 -> 48 | I22: =H22 -> 48 | J22: =IFERROR(K9*HLOOKUP(L9,建筑配置!$C$52:$H$54,3,FALSE),0) -> 0 | K22: =J22-J21 -> 0 | L22: =IFERROR(HLOOKUP(N9,建筑配置!$C$52:$H$54,3,FALSE)*M9,0) -> 0 | M22: =L22-L21 -> 0 | N22: =SUM(C23,E22,F22,H22,I22,K22,M22) -> 570.7
B23: 7 | C23: 144 | D23: =HLOOKUP(D10,建筑配置!$C$16:$M$18,3,FALSE)*C10 -> 1568.1 | E23: =D23-D22 -> 576 | F23: =E23 -> 576 | G23: =HLOOKUP(H10,建筑配置!$C$35:$M$37,3,FALSE)*G10 -> 217.5 | H23: =G23-G22 -> 96 | I23: =H23 -> 96 | J23: =IFERROR(K10*HLOOKUP(L10,建筑配置!$C$52:$H$54,3,FALSE),0) -> 0 | K23: =J23-J22 -> 0 | L23: =IFERROR(HLOOKUP(N10,建筑配置!$C$52:$H$54,3,FALSE)*M10,0) -> 72 | M23: =L23-L22 -> 72 | N23: =SUM(C24,E23,F23,H23,I23,K23,M23) -> 1608
B24: 8 | C24: 192 | D24: =HLOOKUP(D11,建筑配置!$C$16:$M$18,3,FALSE)*C11 -> 1568.1 | E24: =D24-D23 -> 0 | F24: =E24 -> 0 | G24: =HLOOKUP(H11,建筑配置!$C$35:$M$37,3,FALSE)*G11 -> 326.25 | H24: =G24-G23 -> 108.75 | I24: =H24 -> 108.75 | J24: =IFERROR(K11*HLOOKUP(L11,建筑配置!$C$52:$H$54,3,FALSE),0) -> 144 | K24: =J24-J23 -> 144 | L24: =IFERROR(HLOOKUP(N11,建筑配置!$C$52:$H$54,3,FALSE)*M11,0) -> 240 | M24: =L24-L23 -> 168 | N24: =SUM(C25,E24,F24,H24,I24,K24,M24) -> 769.5
B25: 9 | C25: 240 | D25: =HLOOKUP(D12,建筑配置!$C$16:$M$18,3,FALSE)*C12 -> 1568.1 | E25: =D25-D24 -> 0 | F25: =E25 -> 0 | G25: =HLOOKUP(H12,建筑配置!$C$35:$M$37,3,FALSE)*G12 -> 326.25 | H25: =G25-G24 -> 0 | I25: =H25 -> 0 | J25: =IFERROR(K12*HLOOKUP(L12,建筑配置!$C$52:$H$54,3,FALSE),0) -> 1152 | K25: =J25-J24 -> 1008 | L25: =IFERROR(HLOOKUP(N12,建筑配置!$C$52:$H$54,3,FALSE)*M12,0) -> 576 | M25: =L25-L24 -> 336 | N25: =SUM(C26,E25,F25,H25,I25,K25,M25) -> 1680
B26: 10 | C26: 336 | D26: =HLOOKUP(D13,建筑配置!$C$16:$M$18,3,FALSE)*C13 -> 1568.1 | E26: =D26-D25 -> 0 | F26: =E26 -> 0 | G26: =HLOOKUP(H13,建筑配置!$C$35:$M$37,3,FALSE)*G13 -> 326.25 | H26: =G26-G25 -> 0 | I26: =H26 -> 0 | J26: =IFERROR(K13*HLOOKUP(L13,建筑配置!$C$52:$H$54,3,FALSE),0) -> 1728 | K26: =J26-J25 -> 576 | L26: =IFERROR(HLOOKUP(N13,建筑配置!$C$52:$H$54,3,FALSE)*M13,0) -> 576 | M26: =L26-L25 -> 0 | N26: =SUM(C27,E26,F26,H26,I26,K26,M26) -> 576
A28: 防御类
B30: 大本营等级 | C30: 加农炮 | D30: 加农炮LV | E30: 迫击炮 | F30: 迫击炮LV | G30: 弓箭塔 | H30: 弓箭塔lv | I30: 防空火箭 | J30: 防空火箭lv | K30: 法师塔 | L30: 法师塔LV | M30: 电磁塔 | N30: 电磁塔lv | O30: 城墙 | P30: 城墙LV | Q30: X弩 | R30: X弩lv | S30: 地狱之塔 | T30: 地狱之塔lv
B31: 1 | C31: 2 | D31: 2 | E31: 0 | F31: 0 | G31: 0 | H31: 0 | I31: 0 | J31: 0 | K31: 0 | L31: 0 | M31: 0 | N31: 0 | O31: 0 | P31: 0 | Q31: 0 | R31: 0 | S31: 0 | T31: 0
B32: 2 | C32: 2 | D32: 3 | E32: 0 | F32: 0 | G32: 1 | H32: 2 | I32: 0 | J32: 0 | K32: 0 | L32: 0 | M32: 0 | N32: 0 | O32: 25 | P32: 2 | Q32: 0 | R32: 0 | S32: 0 | T32: 0
B33: 3 | C33: 2 | D33: 4 | E33: 1 | F33: 1 | G33: 1 | H33: 3 | I33: 0 | J33: 0 | K33: 0 | L33: 0 | M33: 0 | N33: 0 | O33: 50 | P33: 3 | Q33: 0 | R33: 0 | S33: 0 | T33: 0
B34: 4 | C34: 2 | D34: 5 | E34: 1 | F34: 2 | G34: 2 | H34: 4 | I34: 1 | J34: 2 | K34: 0 | L34: 0 | M34: 0 | N34: 0 | O34: 75 | P34: 4 | Q34: 0 | R34: 0 | S34: 0 | T34: 0
B35: 5 | C35: 3 | D35: 6 | E35: 1 | F35: 3 | G35: 3 | H35: 6 | I35: 1 | J35: 3 | K35: 1 | L35: 2 | M35: 0 | N35: 0 | O35: 100 | P35: 5 | Q35: 0 | R35: 0 | S35: 0 | T35: 0
B36: 6 | C36: 3 | D36: 7 | E36: 2 | F36: 4 | G36: 3 | H36: 7 | I36: 1 | J36: 4 | K36: 2 | L36: 3 | M36: 0 | N36: 0 | O36: 125 | P36: 6 | Q36: 0 | R36: 0 | S36: 0 | T36: 0
B37: 7 | C37: 5 | D37: 8 | E37: 3 | F37: 5 | G37: 4 | H37: 8 | I37: 2 | J37: 5 | K37: 2 | L37: 4 | M37: 2 | N37: 3 | O37: 175 | P37: 7 | Q37: 0 | R37: 0 | S37: 0 | T37: 0
B38: 8 | C38: 5 | D38: 10 | E38: 3 | F38: 6 | G38: 5 | H38: 10 | I38: 3 | J38: 6 | K38: 3 | L38: 6 | M38: 3 | N38: 6 | O38: 225 | P38: 8 | Q38: 0 | R38: 0 | S38: 0 | T38: 0
B39: 9 | C39: 5 | D39: 11 | E39: 3 | F39: 7 | G39: 6 | H39: 11 | I39: 4 | J39: 7 | K39: 4 | L39: 7 | M39: 4 | N39: 7 | O39: 250 | P39: 10 | Q39: 2 | R39: 3 | S39: 0 | T39: 0
B40: 10 | C40: 6 | D40: 11 | E40: 3 | F40: 7 | G40: 7 | H40: 11 | I40: 4 | J40: 8 | K40: 4 | L40: 7 | M40: 4 | N40: 7 | O40: 250 | P40: 10 | Q40: 2 | R40: 4 | S40: 1 | T40: 2
B42: 时间统计
B43: 大本营等级 | C43: 加农炮 | D43: 加农炮 | E43: 迫击炮 | F43: 迫击炮 | G43: 弓箭塔 | H43: 弓箭塔 | I43: 防空火箭 | J43: 防空火箭 | K43: 法师塔 | L43: 法师塔 | M43: 电磁塔 | N43: 电磁塔 | O43: 城墙 | P43: 城墙 | Q43: X弩 | R43: X弩 | S43: 地狱之塔 | T43: 地狱之塔 | U43: 总时间
B44: 1 | C44: =C31*HLOOKUP(D31,建筑配置!$C$71:$M$73,3,FALSE) -> 0.53333333 | D44: =C44 -> 0.53333333 | E44: =IFERROR(E31*HLOOKUP(F31,建筑配置!$C$80:$I$82,3,FALSE),0) -> 0 | F44: =E44 -> 0 | G44: =IFERROR(G31*HLOOKUP(H31,建筑配置!$C$89:$M$91,3,FALSE),0) -> 0 | H44: =G44 -> 0 | I44: =IFERROR(I31*HLOOKUP(J31,建筑配置!$C$98:$J$100,3,FALSE),0) -> 0 | J44: =I44 -> 0 | K44: =IFERROR(K31*HLOOKUP(L31,建筑配置!$C$107:$I$109,3,FALSE),0) -> 0 | L44: =K44 -> 0 | M44: =IFERROR(M31*HLOOKUP(N31,建筑配置!$C$116:$I$118,3,FALSE),0) -> 0 | N44: =M44 -> 0 | O44: 0 | P44: =O44 -> 0 | Q44: =IFERROR(Q31*HLOOKUP(R31,建筑配置!$C$131:$F$133,3,FALSE),0) -> 0 | R44: =Q44 -> 0 | S44: =IFERROR(S31*HLOOKUP(T31,建筑配置!$C$140:$D$142,3,FALSE),0) -> 0 | T44: =S44 -> 0 | U44: =SUM(D44,F44,H44,J44,L44,N44,P44,R44,T44) -> 0.53333333
B45: 2 | C45: =C32*HLOOKUP(D32,建筑配置!$C$71:$M$73,3,FALSE) -> 2.0333333 | D45: =C45-C44 -> 1.5 | E45: =IFERROR(E32*HLOOKUP(F32,建筑配置!$C$80:$I$82,3,FALSE),0) -> 0 | F45: =E45-E44 -> 0 | G45: =IFERROR(G32*HLOOKUP(H32,建筑配置!$C$89:$M$91,3,FALSE),0) -> 0.75 | H45: =G45-G44 -> 0.75 | I45: =IFERROR(I32*HLOOKUP(J32,建筑配置!$C$98:$J$100,3,FALSE),0) -> 0 | J45: =I45-I44 -> 0 | K45: =IFERROR(K32*HLOOKUP(L32,建筑配置!$C$107:$I$109,3,FALSE),0) -> 0 | L45: =K45-K44 -> 0 | M45: =IFERROR(M32*HLOOKUP(N32,建筑配置!$C$116:$I$118,3,FALSE),0) -> 0 | N45: =M45-M44 -> 0 | O45: 0 | P45: =O45-O44 -> 0 | Q45: =IFERROR(Q32*HLOOKUP(R32,建筑配置!$C$131:$F$133,3,FALSE),0) -> 0 | R45: =Q45-Q44 -> 0 | S45: =IFERROR(S32*HLOOKUP(T32,建筑配置!$C$140:$D$142,3,FALSE),0) -> 0 | T45: =S45-S44 -> 0 | U45: =SUM(D45,F45,H45,J45,L45,N45,P45,R45,T45) -> 2.25
B46: 3 | C46: =C33*HLOOKUP(D33,建筑配置!$C$71:$M$73,3,FALSE) -> 6.0333333 | D46: =C46-C45 -> 4 | E46: =IFERROR(E33*HLOOKUP(F33,建筑配置!$C$80:$I$82,3,FALSE),0) -> 8 | F46: =E46-E45 -> 8 | G46: =IFERROR(G33*HLOOKUP(H33,建筑配置!$C$89:$M$91,3,FALSE),0) -> 1.5 | H46: =G46-G45 -> 0.75 | I46: =IFERROR(I33*HLOOKUP(J33,建筑配置!$C$98:$J$100,3,FALSE),0) -> 0 | J46: =I46-I45 -> 0 | K46: =IFERROR(K33*HLOOKUP(L33,建筑配置!$C$107:$I$109,3,FALSE),0) -> 0 | L46: =K46-K45 -> 0 | M46: =IFERROR(M33*HLOOKUP(N33,建筑配置!$C$116:$I$118,3,FALSE),0) -> 0 | N46: =M46-M45 -> 0 | O46: 0 | P46: =O46-O45 -> 0 | Q46: =IFERROR(Q33*HLOOKUP(R33,建筑配置!$C$131:$F$133,3,FALSE),0) -> 0 | R46: =Q46-Q45 -> 0 | S46: =IFERROR(S33*HLOOKUP(T33,建筑配置!$C$140:$D$142,3,FALSE),0) -> 0 | T46: =S46-S45 -> 0 | U46: =SUM(D46,F46,H46,J46,L46,N46,P46,R46,T46) -> 12.75
B47: 4 | C47: =C34*HLOOKUP(D34,建筑配置!$C$71:$M$73,3,FALSE) -> 18.033333 | D47: =C47-C46 -> 12 | E47: =IFERROR(E34*HLOOKUP(F34,建筑配置!$C$80:$I$82,3,FALSE),0) -> 20 | F47: =E47-E46 -> 12 | G47: =IFERROR(G34*HLOOKUP(H34,建筑配置!$C$89:$M$91,3,FALSE),0) -> 11 | H47: =G47-G46 -> 9.5 | I47: =IFERROR(I34*HLOOKUP(J34,建筑配置!$C$98:$J$100,3,FALSE),0) -> 29 | J47: =I47-I46 -> 29 | K47: =IFERROR(K34*HLOOKUP(L34,建筑配置!$C$107:$I$109,3,FALSE),0) -> 0 | L47: =K47-K46 -> 0 | M47: =IFERROR(M34*HLOOKUP(N34,建筑配置!$C$116:$I$118,3,FALSE),0) -> 0 | N47: =M47-M46 -> 0 | O47: 0 | P47: =O47-O46 -> 0 | Q47: =IFERROR(Q34*HLOOKUP(R34,建筑配置!$C$131:$F$133,3,FALSE),0) -> 0 | R47: =Q47-Q46 -> 0 | S47: =IFERROR(S34*HLOOKUP(T34,建筑配置!$C$140:$D$142,3,FALSE),0) -> 0 | T47: =S47-S46 -> 0 | U47: =SUM(D47,F47,H47,J47,L47,N47,P47,R47,T47) -> 62.5
B48: 5 | C48: =C35*HLOOKUP(D35,建筑配置!$C$71:$M$73,3,FALSE) -> 63.05 | D48: =C48-C47 -> 45.016667 | E48: =IFERROR(E35*HLOOKUP(F35,建筑配置!$C$80:$I$82,3,FALSE),0) -> 44 | F48: =E48-E47 -> 24 | G48: =IFERROR(G35*HLOOKUP(H35,建筑配置!$C$89:$M$91,3,FALSE),0) -> 124.5 | H48: =G48-G47 -> 113.5 | I48: =IFERROR(I35*HLOOKUP(J35,建筑配置!$C$98:$J$100,3,FALSE),0) -> 101 | J48: =I48-I47 -> 72 | K48: =IFERROR(K35*HLOOKUP(L35,建筑配置!$C$107:$I$109,3,FALSE),0) -> 36 | L48: =K48-K47 -> 36 | M48: =IFERROR(M35*HLOOKUP(N35,建筑配置!$C$116:$I$118,3,FALSE),0) -> 0 | N48: =M48-M47 -> 0 | O48: 0 | P48: =O48-O47 -> 0 | Q48: =IFERROR(Q35*HLOOKUP(R35,建筑配置!$C$131:$F$133,3,FALSE),0) -> 0 | R48: =Q48-Q47 -> 0 | S48: =IFERROR(S35*HLOOKUP(T35,建筑配置!$C$140:$D$142,3,FALSE),0) -> 0 | T48: =S48-S47 -> 0 | U48: =SUM(D48,F48,H48,J48,L48,N48,P48,R48,T48) -> 290.51667
B49: 6 | C49: =C36*HLOOKUP(D36,建筑配置!$C$71:$M$73,3,FALSE) -> 135.05 | D49: =C49-C48 -> 72 | E49: =IFERROR(E36*HLOOKUP(F36,建筑配置!$C$80:$I$82,3,FALSE),0) -> 184 | F49: =E49-E48 -> 140 | G49: =IFERROR(G36*HLOOKUP(H36,建筑配置!$C$89:$M$91,3,FALSE),0) -> 340.5 | H49: =G49-G48 -> 216 | I49: =IFERROR(I36*HLOOKUP(J36,建筑配置!$C$98:$J$100,3,FALSE),0) -> 221 | J49: =I49-I48 -> 120 | K49: =IFERROR(K36*HLOOKUP(L36,建筑配置!$C$107:$I$109,3,FALSE),0) -> 168 | L49: =K49-K48 -> 132 | M49: =IFERROR(M36*HLOOKUP(N36,建筑配置!$C$116:$I$118,3,FALSE),0) -> 0 | N49: =M49-M48 -> 0 | O49: 0 | P49: =O49-O48 -> 0 | Q49: =IFERROR(Q36*HLOOKUP(R36,建筑配置!$C$131:$F$133,3,FALSE),0) -> 0 | R49: =Q49-Q48 -> 0 | S49: =IFERROR(S36*HLOOKUP(T36,建筑配置!$C$140:$D$142,3,FALSE),0) -> 0 | T49: =S49-S48 -> 0 | U49: =SUM(D49,F49,H49,J49,L49,N49,P49,R49,T49) -> 680
B50: 7 | C50: =C37*HLOOKUP(D37,建筑配置!$C$71:$M$73,3,FALSE) -> 465.08333 | D50: =C50-C49 -> 330.03333 | E50: =IFERROR(E37*HLOOKUP(F37,建筑配置!$C$80:$I$82,3,FALSE),0) -> 564 | F50: =E50-E49 -> 380 | G50: =IFERROR(G37*HLOOKUP(H37,建筑配置!$C$89:$M$91,3,FALSE),0) -> 838 | H50: =G50-G49 -> 497.5 | I50: =IFERROR(I37*HLOOKUP(J37,建筑配置!$C$98:$J$100,3,FALSE),0) -> 730 | J50: =I50-I49 -> 509 | K50: =IFERROR(K37*HLOOKUP(L37,建筑配置!$C$107:$I$109,3,FALSE),0) -> 360 | L50: =K50-K49 -> 192 | M50: =IFERROR(M37*HLOOKUP(N37,建筑配置!$C$116:$I$118,3,FALSE),0) -> 576 | N50: =M50-M49 -> 576 | O50: 0 | P50: =O50-O49 -> 0 | Q50: =IFERROR(Q37*HLOOKUP(R37,建筑配置!$C$131:$F$133,3,FALSE),0) -> 0 | R50: =Q50-Q49 -> 0 | S50: =IFERROR(S37*HLOOKUP(T37,建筑配置!$C$140:$D$142,3,FALSE),0) -> 0 | T50: =S50-S49 -> 0 | U50: =SUM(D50,F50,H50,J50,L50,N50,P50,R50,T50) -> 2484.5333
B51: 8 | C51: =C38*HLOOKUP(D38,建筑配置!$C$71:$M$73,3,FALSE) -> 1305.0833 | D51: =C51-C50 -> 840 | E51: =IFERROR(E38*HLOOKUP(F38,建筑配置!$C$80:$I$82,3,FALSE),0) -> 924 | F51: =E51-E50 -> 360 | G51: =IFERROR(G38*HLOOKUP(H38,建筑配置!$C$89:$M$91,3,FALSE),0) -> 2367.5 | H51: =G51-G50 -> 1529.5 | I51: =IFERROR(I38*HLOOKUP(J38,建筑配置!$C$98:$J$100,3,FALSE),0) -> 1671 | J51: =I51-I50 -> 941 | K51: =IFERROR(K38*HLOOKUP(L38,建筑配置!$C$107:$I$109,3,FALSE),0) -> 1548 | L51: =K51-K50 -> 1188 | M51: =IFERROR(M38*HLOOKUP(N38,建筑配置!$C$116:$I$118,3,FALSE),0) -> 3024 | N51: =M51-M50 -> 2448 | O51: 0 | P51: =O51-O50 -> 0 | Q51: =IFERROR(Q38*HLOOKUP(R38,建筑配置!$C$131:$F$133,3,FALSE),0) -> 0 | R51: =Q51-Q50 -> 0 | S51: =IFERROR(S38*HLOOKUP(T38,建筑配置!$C$140:$D$142,3,FALSE),0) -> 0 | T51: =S51-S50 -> 0 | U51: =SUM(D51,F51,H51,J51,L51,N51,P51,R51,T51) -> 7306.5
B52: 9 | C52: =C39*HLOOKUP(D39,建筑配置!$C$71:$M$73,3,FALSE) -> 1905.0833 | D52: =C52-C51 -> 600 | E52: =IFERROR(E39*HLOOKUP(F39,建筑配置!$C$80:$I$82,3,FALSE),0) -> 1428 | F52: =E52-E51 -> 504 | G52: =IFERROR(G39*HLOOKUP(H39,建筑配置!$C$89:$M$91,3,FALSE),0) -> 3849 | H52: =G52-G51 -> 1481.5 | I52: =IFERROR(I39*HLOOKUP(J39,建筑配置!$C$98:$J$100,3,FALSE),0) -> 3188 | J52: =I52-I51 -> 1517 | K52: =IFERROR(K39*HLOOKUP(L39,建筑配置!$C$107:$I$109,3,FALSE),0) -> 3024 | L52: =K52-K51 -> 1476 | M52: =IFERROR(M39*HLOOKUP(N39,建筑配置!$C$116:$I$118,3,FALSE),0) -> 5376 | N52: =M52-M51 -> 2352 | O52: 0 | P52: =O52-O51 -> 0 | Q52: =IFERROR(Q39*HLOOKUP(R39,建筑配置!$C$131:$F$133,3,FALSE),0) -> 1488 | R52: =Q52-Q51 -> 1488 | S52: =IFERROR(S39*HLOOKUP(T39,建筑配置!$C$140:$D$142,3,FALSE),0) -> 0 | T52: =S52-S51 -> 0 | U52: =SUM(D52,F52,H52,J52,L52,N52,P52,R52,T52) -> 9418.5
B53: 10 | C53: =C40*HLOOKUP(D40,建筑配置!$C$71:$M$73,3,FALSE) -> 2286.1 | D53: =C53-C52 -> 381.01667 | E53: =IFERROR(E40*HLOOKUP(F40,建筑配置!$C$80:$I$82,3,FALSE),0) -> 1428 | F53: =E53-E52 -> 0 | G53: =IFERROR(G40*HLOOKUP(H40,建筑配置!$C$89:$M$91,3,FALSE),0) -> 4490.5 | H53: =G53-G52 -> 641.5 | I53: =IFERROR(I40*HLOOKUP(J40,建筑配置!$C$98:$J$100,3,FALSE),0) -> 4340 | J53: =I53-I52 -> 1152 | K53: =IFERROR(K40*HLOOKUP(L40,建筑配置!$C$107:$I$109,3,FALSE),0) -> 3024 | L53: =K53-K52 -> 0 | M53: =IFERROR(M40*HLOOKUP(N40,建筑配置!$C$116:$I$118,3,FALSE),0) -> 5376 | N53: =M53-M52 -> 0 | O53: 0 | P53: =O53-O52 -> 0 | Q53: =IFERROR(Q40*HLOOKUP(R40,建筑配置!$C$131:$F$133,3,FALSE),0) -> 2160 | R53: =Q53-Q52 -> 672 | S53: =IFERROR(S40*HLOOKUP(T40,建筑配置!$C$140:$D$142,3,FALSE),0) -> 408 | T53: =S53-S52 -> 408 | U53: =SUM(D53,F53,H53,J53,L53,N53,P53,R53,T53) -> 3254.5167
A55: 进攻类
B57: 大本营等级 | C57: 营地 | D57: 营地LV | E57: 训练营 | F57: 训练营LV | G57: 黑暗训练营 | H57: 黑暗训练营LV | I57: 试验室 | J57: 试验室LV | K57: 法术工厂 | L57: 法术工厂LV
B58: 1 | C58: 1 | D58: 1 | E58: 1 | F58: 3 | G58: 0 | H58: 0 | I58: 0 | J58: 0 | K58: 0 | L58: 0
B59: 2 | C59: 1 | D59: 2 | E59: 2 | F59: 4 | G59: 0 | H59: 0 | I59: 0 | J59: 0 | K59: 0 | L59: 0
B60: 3 | C60: 2 | D60: 3 | E60: 2 | F60: 5 | G60: 0 | H60: 0 | I60: 1 | J60: 1 | K60: 0 | L60: 0
B61: 4 | C61: 2 | D61: 4 | E61: 3 | F61: 6 | G61: 0 | H61: 0 | I61: 1 | J61: 2 | K61: 0 | L61: 0
B62: 5 | C62: 3 | D62: 5 | E62: 3 | F62: 7 | G62: 0 | H62: 0 | I62: 1 | J62: 3 | K62: 1 | L62: 1
B63: 6 | C63: 3 | D63: 6 | E63: 3 | F63: 8 | G63: 0 | H63: 0 | I63: 1 | J63: 4 | K63: 1 | L63: 2
B64: 7 | C64: 4 | D64: 7 | E64: 4 | F64: 9 | G64: 1 | H64: 2 | I64: 1 | J64: 5 | K64: 1 | L64: 3
B65: 8 | C65: 4 | D65: 7 | E65: 4 | F65: 10 | G65: 2 | H65: 4 | I65: 1 | J65: 6 | K65: 1 | L65: 4
B66: 9 | C66: 4 | D66: 7 | E66: 4 | F66: 10 | G66: 2 | H66: 4 | I66: 1 | J66: 7 | K66: 1 | L66: 4
B67: 10 | C67: 4 | D67: 7 | E67: 4 | F67: 10 | G67: 2 | H67: 4 | I67: 1 | J67: 8 | K67: 1 | L67: 4
B69: 时间统计
B70: 大本营等级 | C70: 营地 | D70: 营地 | E70: 训练营 | F70: 训练营 | G70: 黑暗训练营 | H70: 黑暗训练营 | I70: 试验室 | J70: 试验室 | K70: 法术工厂 | L70: 法术工厂 | M70: 总时间
B71: 1 | C71: =C58*HLOOKUP(D58,建筑配置!$C$151:$I$153,3,FALSE) -> 0.083333333 | D71: =C71 -> 0.083333333 | E71: =E58*HLOOKUP(F58,建筑配置!$C$160:$L$162,3,FALSE) -> 2.2666667 | F71: =E71 -> 2.2666667 | G71: =IFERROR(G58*HLOOKUP(H58,建筑配置!$C$169:$F$171,3,FALSE),0) -> 0 | H71: =G71 -> 0 | I71: =IFERROR(I58*HLOOKUP(J58,建筑配置!$C$178:$M$180,3,FALSE),0) -> 0 | J71: =I71 -> 0 | K71: =IFERROR(K58*HLOOKUP(L58,建筑配置!$C$240:$F$242,3,FALSE),0) -> 0 | L71: =K71 -> 0 | M71: =SUM(D71,F71,H71,J71,L71) -> 2.35
B72: 2 | C72: =C59*HLOOKUP(D59,建筑配置!$C$151:$I$153,3,FALSE) -> 1.0833333 | D72: =C72-C71 -> 1 | E72: =E59*HLOOKUP(F59,建筑配置!$C$160:$L$162,3,FALSE) -> 12.533333 | F72: =E72-E71 -> 10.266667 | G72: =IFERROR(G59*HLOOKUP(H59,建筑配置!$C$169:$F$171,3,FALSE),0) -> 0 | H72: =G72-G71 -> 0 | I72: =IFERROR(I59*HLOOKUP(J59,建筑配置!$C$178:$M$180,3,FALSE),0) -> 0 | J72: =I72-I71 -> 0 | K72: =IFERROR(K59*HLOOKUP(L59,建筑配置!$C$240:$F$242,3,FALSE),0) -> 0 | L72: =K72-K71 -> 0 | M72: =SUM(D72,F72,H72,J72,L72) -> 11.266667
B73: 3 | C73: =C60*HLOOKUP(D60,建筑配置!$C$151:$I$153,3,FALSE) -> 8.1666667 | D73: =C73-C72 -> 7.0833333 | E73: =E60*HLOOKUP(F60,建筑配置!$C$160:$L$162,3,FALSE) -> 32.533333 | F73: =E73-E72 -> 20 | G73: =IFERROR(G60*HLOOKUP(H60,建筑配置!$C$169:$F$171,3,FALSE),0) -> 0 | H73: =G73-G72 -> 0 | I73: =IFERROR(I60*HLOOKUP(J60,建筑配置!$C$178:$M$180,3,FALSE),0) -> 0.5 | J73: =I73-I72 -> 0.5 | K73: =IFERROR(K60*HLOOKUP(L60,建筑配置!$C$240:$F$242,3,FALSE),0) -> 0 | L73: =K73-K72 -> 0 | M73: =SUM(D73,F73,H73,J73,L73) -> 27.583333
B74: 4 | C74: =C61*HLOOKUP(D61,建筑配置!$C$151:$I$153,3,FALSE) -> 24.166667 | D74: =C74-C73 -> 16 | E74: =E61*HLOOKUP(F61,建筑配置!$C$160:$L$162,3,FALSE) -> 96.8 | F74: =E74-E73 -> 64.266667 | G74: =IFERROR(G61*HLOOKUP(H61,建筑配置!$C$169:$F$171,3,FALSE),0) -> 0 | H74: =G74-G73 -> 0 | I74: =IFERROR(I61*HLOOKUP(J61,建筑配置!$C$178:$M$180,3,FALSE),0) -> 5.5 | J74: =I74-I73 -> 5 | K74: =IFERROR(K61*HLOOKUP(L61,建筑配置!$C$240:$F$242,3,FALSE),0) -> 0 | L74: =K74-K73 -> 0 | M74: =SUM(D74,F74,H74,J74,L74) -> 85.266667
B75: 5 | C75: =C62*HLOOKUP(D62,建筑配置!$C$151:$I$153,3,FALSE) -> 108.25 | D75: =C75-C74 -> 84.083333 | E75: =E62*HLOOKUP(F62,建筑配置!$C$160:$L$162,3,FALSE) -> 168.8 | F75: =E75-E74 -> 72 | G75: =IFERROR(G62*HLOOKUP(H62,建筑配置!$C$169:$F$171,3,FALSE),0) -> 0 | H75: =G75-G74 -> 0 | I75: =IFERROR(I62*HLOOKUP(J62,建筑配置!$C$178:$M$180,3,FALSE),0) -> 17.5 | J75: =I75-I74 -> 12 | K75: =IFERROR(K62*HLOOKUP(L62,建筑配置!$C$240:$F$242,3,FALSE),0) -> 24 | L75: =K75-K74 -> 24 | M75: =SUM(D75,F75,H75,J75,L75) -> 192.08333
B76: 6 | C76: =C63*HLOOKUP(D63,建筑配置!$C$151:$I$153,3,FALSE) -> 324.25 | D76: =C76-C75 -> 216 | E76: =E63*HLOOKUP(F63,建筑配置!$C$160:$L$162,3,FALSE) -> 312.8 | F76: =E76-E75 -> 144 | G76: =IFERROR(G63*HLOOKUP(H63,建筑配置!$C$169:$F$171,3,FALSE),0) -> 0 | H76: =G76-G75 -> 0 | I76: =IFERROR(I63*HLOOKUP(J63,建筑配置!$C$178:$M$180,3,FALSE),0) -> 41.5 | J76: =I76-I75 -> 24 | K76: =IFERROR(K63*HLOOKUP(L63,建筑配置!$C$240:$F$242,3,FALSE),0) -> 72 | L76: =K76-K75 -> 48 | M76: =SUM(D76,F76,H76,J76,L76) -> 432
B77: 7 | C77: =C64*HLOOKUP(D64,建筑配置!$C$151:$I$153,3,FALSE) -> 912.33333 | D77: =C77-C76 -> 588.08333 | E77: =E64*HLOOKUP(F64,建筑配置!$C$160:$L$162,3,FALSE) -> 801.06667 | F77: =E77-E76 -> 488.26667 | G77: =IFERROR(G64*HLOOKUP(H64,建筑配置!$C$169:$F$171,3,FALSE),0) -> 192 | H77: =G77-G76 -> 192 | I77: =IFERROR(I64*HLOOKUP(J64,建筑配置!$C$178:$M$180,3,FALSE),0) -> 89.5 | J77: =I77-I76 -> 48 | K77: =IFERROR(K64*HLOOKUP(L64,建筑配置!$C$240:$F$242,3,FALSE),0) -> 168 | L77: =K77-K76 -> 96 | M77: =SUM(D77,F77,H77,J77,L77) -> 1412.35
B78: 8 | C78: =C65*HLOOKUP(D65,建筑配置!$C$151:$I$153,3,FALSE) -> 912.33333 | D78: =C78-C77 -> 0 | E78: =E65*HLOOKUP(F65,建筑配置!$C$160:$L$162,3,FALSE) -> 1377.0667 | F78: =E78-E77 -> 576 | G78: =IFERROR(G65*HLOOKUP(H65,建筑配置!$C$169:$F$171,3,FALSE),0) -> 1008 | H78: =G78-G77 -> 816 | I78: =IFERROR(I65*HLOOKUP(J65,建筑配置!$C$178:$M$180,3,FALSE),0) -> 185.5 | J78: =I78-I77 -> 96 | K78: =IFERROR(K65*HLOOKUP(L65,建筑配置!$C$240:$F$242,3,FALSE),0) -> 288 | L78: =K78-K77 -> 120 | M78: =SUM(D78,F78,H78,J78,L78) -> 1608
B79: 9 | C79: =C66*HLOOKUP(D66,建筑配置!$C$151:$I$153,3,FALSE) -> 912.33333 | D79: =C79-C78 -> 0 | E79: =E66*HLOOKUP(F66,建筑配置!$C$160:$L$162,3,FALSE) -> 1377.0667 | F79: =E79-E78 -> 0 | G79: =IFERROR(G66*HLOOKUP(H66,建筑配置!$C$169:$F$171,3,FALSE),0) -> 1008 | H79: =G79-G78 -> 0 | I79: =IFERROR(I66*HLOOKUP(J66,建筑配置!$C$178:$M$180,3,FALSE),0) -> 305.5 | J79: =I79-I78 -> 120 | K79: =IFERROR(K66*HLOOKUP(L66,建筑配置!$C$240:$F$242,3,FALSE),0) -> 288 | L79: =K79-K78 -> 0 | M79: =SUM(D79,F79,H79,J79,L79) -> 120
B80: 10 | C80: =C67*HLOOKUP(D67,建筑配置!$C$151:$I$153,3,FALSE) -> 912.33333 | D80: =C80-C79 -> 0 | E80: =E67*HLOOKUP(F67,建筑配置!$C$160:$L$162,3,FALSE) -> 1377.0667 | F80: =E80-E79 -> 0 | G80: =IFERROR(G67*HLOOKUP(H67,建筑配置!$C$169:$F$171,3,FALSE),0) -> 1008 | H80: =G80-G79 -> 0 | I80: =IFERROR(I67*HLOOKUP(J67,建筑配置!$C$178:$M$180,3,FALSE),0) -> 449.5 | J80: =I80-I79 -> 144 | K80: =IFERROR(K67*HLOOKUP(L67,建筑配置!$C$240:$F$242,3,FALSE),0) -> 288 | L80: =K80-K79 -> 0 | M80: =SUM(D80,F80,H80,J80,L80) -> 144
B83: 建造兵种时间统计
B84: 野蛮人 | C84: 弓箭手 | D84: 哥布林 | E84: 巨人 | F84: 炸弹人 | G84: 气球兵 | H84: 巫师
B85: 0.333 | C85: 0.417 | D85: 0.5 | E85: 2 | F85: 2 | G85: 10 | H85: 10
B87: 建造兵种人口统计
B88: 大本营等级 | C88: 人口
B89: 1 | C89: =C58*HLOOKUP(D58,建筑配置!$C$151:$I$157,7,FALSE) -> 20
B90: 2 | C90: =C59*HLOOKUP(D59,建筑配置!$C$151:$I$157,7,FALSE) -> 30
B91: 3 | C91: =C60*HLOOKUP(D60,建筑配置!$C$151:$I$157,7,FALSE) -> 70
B92: 4 | C92: =C61*HLOOKUP(D61,建筑配置!$C$151:$I$157,7,FALSE) -> 80
B93: 5 | C93: =C62*HLOOKUP(D62,建筑配置!$C$151:$I$157,7,FALSE) -> 135
B94: 6 | C94: =C63*HLOOKUP(D63,建筑配置!$C$151:$I$157,7,FALSE) -> 150
B95: 7 | C95: =C64*HLOOKUP(D64,建筑配置!$C$151:$I$157,7,FALSE) -> 220
B96: 8 | C96: =C65*HLOOKUP(D65,建筑配置!$C$151:$I$157,7,FALSE) -> 220
B97: 9 | C97: =C66*HLOOKUP(D66,建筑配置!$C$151:$I$157,7,FALSE) -> 220
B98: 10 | C98: =C67*HLOOKUP(D67,建筑配置!$C$151:$I$157,7,FALSE) -> 220

Sheet 建筑配置
A1: 大本营
A2: 建筑等级 | C2: 1 | D2: 2 | E2: 3 | F2: 4 | G2: 5 | H2: 6 | I2: 7 | J2: 8 | K2: 9 | L2: 10
A3: 建造时间 | C3: -- | D3: 0.083333333 | E3: 3 | F3: 24 | G3: 48 | H3: 96 | I3: 144 | J3: 192 | K3: 240 | L3: 336
A4: 消耗金币 | C4: -- | D4: 1000 | E4: 4000 | F4: 25000 | G4: 150000 | H4: 750000 | I4: 1200000 | J4: 2000000 | K4: 3000000 | L4: 4000000
A5: 增加经验 | C5: -- | D5: 17 | E5: 103 | F5: 293 | G5: 415 | H5: 587 | I5: 720 | J5: 831 | K5: 929 | L5: 1099
A6: 生命值 | C6: 1500 | D6: 1600 | E6: 1850 | F6: 2100 | G6: 2400 | H6: 2800 | I6: 3200 | J6: 3700 | K6: 4200 | L6: 5000
A8: 部落城堡
A9: 建筑等级 | C9: 1 | D9: 2 | E9: 3 | F9: 4 | G9: 5
A10: 建造时间 | C10: 0 | D10: 0.25 | E10: 1 | F10: 2 | G10: 7
A11: 消耗金币 | C11: 40000 | D11: 100000 | E11: 800000 | F11: 1800000 | G11: 7000000
A12: 增加经验 | C12: 0 | D12: 146 | E12: 293 | F12: 415 | G12: 777
A13: 生命值 | C13: 1000 | D13: 1400 | E13: 2000 | F13: 2600 | G13: 3000
A15: 金矿
A16: 建筑等级 | C16: 1 | D16: 2 | E16: 3 | F16: 4 | G16: 5 | H16: 6 | I16: 7 | J16: 8 | K16: 9 | L16: 10 | M16: 11
A17: 建造时间 | C17: 0.017 | D17: 0.083 | E17: 0.25 | F17: 1 | G17: 2 | H17: 6 | I17: 12 | J17: 24 | K17: 48 | L17: 72 | M17: 96
A18: 建造累计时间 | C18: =SUM($C$17:C17) -> 0.017 | D18: =SUM($C$17:D17) -> 0.1 | E18: =SUM($C$17:E17) -> 0.35 | F18: =SUM($C$17:F17) -> 1.35 | G18: =SUM($C$17:G17) -> 3.35 | H18: =SUM($C$17:H17) -> 9.35 | I18: =SUM($C$17:I17) -> 21.35 | J18: =SUM($C$17:J17) -> 45.35 | ... M18: =SUM($C$17:M17) -> 261.35
A19: 消耗圣水 | C19: 150 | D19: 300 | E19: 700 | F19: 1400 | G19: 3000 | H19: 7000 | I19: 14000 | J19: 28000 | K19: 56000 | L19: 84000 | M19: 168000
A20: 增加经验 | C20: 7 | D20: 17 | E20: 30 | F20: 60 | G20: 120 | H20: 207 | I20: 293 | J20: 415 | K20: 509 | L20: 587 | M20: 657
A21: 生命值 | C21: 400 | D21: 450 | E21: 500 | F21: 550 | G21: 590 | H21: 610 | I21: 630 | J21: 660 | K21: 680 | L21: 710 | M21: 750
A22: 生产速度（每小时） | C22: 200 | D22: 400 | E22: 600 | F22: 800 | G22: 1000 | H22: 1300 | I22: 1600 | J22: 1900 | K22: 2200 | L22: 2500 | M22: 3000
A23: 容量 | C23: 500 | D23: 1000 | E23: 1500 | F23: 2500 | G23: 10000 | H23: 20000 | I23: 30000 | J23: 50000 | K23: 75000 | L23: 100000 | M23: 150000
A25: 圣水收集器
A26: 建筑等级 | C26: 1 | D26: 2 | E26: 3 | F26: 4 | G26: 5 | H26: 6 | I26: 7 | J26: 8 | K26: 9 | L26: 10 | M26: 11
A27: 建造时间 | C27: 0.017 | D27: 0.083 | E27: 0.25 | F27: 1 | G27: 2 | H27: 6 | I27: 12 | J27: 24 | K27: 48 | L27: 72 | M27: 96
A28: 消耗金币 | C28: 150 | D28: 300 | E28: 700 | F28: 1400 | G28: 3000 | H28: 7000 | I28: 14000 | J28: 28000 | K28: 56000 | L28: 84000 | M28: 168000
A29: 增加经验 | C29: 7 | D29: 17 | E29: 30 | F29: 60 | G29: 120 | H29: 207 | I29: 293 | J29: 415 | K29: 509 | L29: 587 | M29: 657
A30: 生命值 | C30: 400 | D30: 450 | E30: 500 | F30: 550 | G30: 590 | H30: 610 | I30: 630 | J30: 660 | K30: 680 | L30: 710 | M30: 750
A31: 生产速度（每小时） | C31: 200 | D31: 400 | E31: 600 | F31: 800 | G31: 1000 | H31: 1300 | I31: 1600 | J31: 1900 | K31: 2200 | L31: 2500 | M31: 3000
A32: 容量 | C32: 500 | D32: 1000 | E32: 1500 | F32: 2500 | G32: 10000 | H32: 20000 | I32: 30000 | J32: 50000 | K32: 75000 | L32: 100000 | M32: 150000
A34: 储金器
A35: 建筑等级 | C35: 1 | D35: 2 | E35: 3 | F35: 4 | G35: 5 | H35: 6 | I35: 7 | J35: 8 | K35: 9 | L35: 10 | M35: 11
A36: 建造时间 | C36: 0.25 | D36: 0.5 | E36: 1 | F36: 2 | G36: 3 | H36: 4 | I36: 6 | J36: 8 | K36: 12 | L36: 24 | M36: 48
A37: 建造累计时间 | C37: =SUM($C$36:C36) -> 0.25 | D37: =SUM($C$36:D36) -> 0.75 | E37: =SUM($C$36:E36) -> 1.75 | F37: =SUM($C$36:F36) -> 3.75 | G37: =SUM($C$36:G36) -> 6.75 | H37: =SUM($C$36:H36) -> 10.75 | I37: =SUM($C$36:I36) -> 16.75 | J37: =SUM($C$36:J36) -> 24.75 | ... M37: =SUM($C$36:M36) -> 108.75
A38: 消耗圣水 | C38: 300 | D38: 750 | E38: 1500 | F38: 3000 | G38: 6000 | H38: 12000 | I38: 25000 | J38: 50000 | K38: 100000 | L38: 250000 | M38: 500000
A39: 增加经验 | C39: 30 | D39: 42 | E39: 60 | F39: 84 | G39: 103 | H39: 120 | I39: 146 | J39: 169 | K39: 207 | L39: 293 | M39: 415
A40: 生命值 | C40: 400 | D40: 600 | E40: 800 | F40: 1000 | G40: 1200 | H40: 1500 | I40: 1650 | J40: 1740 | K40: 1820 | L40: 1920 | M40: 2016
A41: 库存容量 | C41: 1500 | D41: 3000 | E41: 6000 | F41: 12000 | G41: 25000 | H41: 50000 | I41: 100000 | J41: 250000 | K41: 500000 | L41: 1000000 | M41: 2000000
A43: 圣水瓶
A44: 建筑等级 | C44: 1 | D44: 2 | E44: 3 | F44: 4 | G44: 5 | H44: 6 | I44: 7 | J44: 8 | K44: 9 | L44: 10 | M44: 11
A45: 建造时间 | C45: 0.010416667 | D45: 0.020833333 | E45: 0.041666667 | F45: 0.083333333 | G45: 0.125 | H45: 0.16666667 | I45: 0.25 | J45: 0.33333333 | K45: 0.5 | L45: 1 | M45: 2
A46: 消耗金币 | C46: 300 | D46: 750 | E46: 1500 | F46: 3000 | G46: 6000 | H46: 12000 | I46: 25000 | J46: 50000 | K46: 100000 | L46: 250000 | M46: 500000
A47: 增加经验 | C47: 30 | D47: 42 | E47: 60 | F47: 84 | G47: 103 | H47: 120 | I47: 146 | J47: 169 | K47: 207 | L47: 293 | M47: 415
A48: 生命值 | C48: 400 | D48: 600 | E48: 800 | F48: 1000 | G48: 1200 | H48: 1500 | I48: 1650 | J48: 1740 | K48: 1820 | L48: 1920 | M48: 2016
A49: 库存容量 | C49: 1500 | D49: 3000 | E49: 6000 | F49: 12000 | G49: 25000 | H49: 50000 | I49: 100000 | J49: 250000 | K49: 500000 | L49: 1000000 | M49: 2000000
A51: 暗黑石油钻井
A52: 建筑等级 | C52: 1 | D52: 2 | E52: 3 | F52: 4 | G52: 5 | H52: 6
A53: 建造时间 | C53: 1 | D53: 2 | E53: 3 | F53: 4 | G53: 6 | H53: 8
A54: 建造累计时间 | C54: =24*SUM($C$53:C53) -> 24 | D54: =24*SUM($C$53:D53) -> 72 | E54: =24*SUM($C$53:E53) -> 144 | F54: =24*SUM($C$53:F53) -> 240 | G54: =24*SUM($C$53:G53) -> 384 | H54: =24*SUM($C$53:H53) -> 576
A55: 消耗金币 | C55: 1000000 | D55: 1500000 | E55: 2000000 | F55: 3000000 | G55: 4000000 | H55: 5000000
A56: 增加经验 | C56: 293 | D56: 415 | E56: 509 | F56: 587 | G56: 720 | H56: 831
A57: 生命值 | C57: 400 | D57: 480 | E57: 580 | F57: 690 | G57: 830 | H57: 1000
A58: 生产速度（每小时） | C58: 20 | D58: 30 | E58: 45 | F58: 60 | G58: 80 | H58: 100
A59: 容量 | C59: 120 | D59: 240 | E59: 450 | F59: 720 | G59: 1120 | H59: 1600
A61: 暗黑石油罐
A62: 建筑等级 | C62: 1 | D62: 2 | E62: 3 | F62: 4 | G62: 5 | H62: 6
A63: 建造时间 | C63: 1 | D63: 2 | E63: 3 | F63: 4 | G63: 5 | H63: 6
A64: 建造累计时间 | C64: =24*SUM($C$63:C63) -> 24 | D64: =24*SUM($C$63:D63) -> 72 | E64: =24*SUM($C$63:E63) -> 144 | F64: =24*SUM($C$63:F63) -> 240 | G64: =24*SUM($C$63:G63) -> 360 | H64: =24*SUM($C$63:H63) -> 504
A65: 消耗金币 | C65: 750000 | D65: 1200000 | E65: 1800000 | F65: 2400000 | G65: 3000000 | H65: 3600000
A66: 增加经验 | C66: 293 | D66: 415 | E66: 509 | F66: 587 | G66: 657 | H66: 720
A67: 生命值 | C67: 1500 | D67: 1650 | E67: 2000 | F67: 2200 | G67: 2400 | H67: 2650
A68: 库存容量 | C68: 10000 | D68: 20000 | E68: 40000 | F68: 80000 | G68: 150000 | H68: 200000
A70: 加农炮
A71: 建筑等级 | C71: 1 | D71: 2 | E71: 3 | F71: 4 | G71: 5 | H71: 6 | I71: 7 | J71: 8 | K71: 9 | L71: 10 | M71: 11
A72: 建造时间 | C72: 0.00069444444 | D72: 0.010416667 | E72: 0.03125 | F72: 0.083333333 | G72: 0.25 | H72: 0.5 | I72: 1 | J72: 2 | K72: 3 | L72: 4 | M72: 5
A73: 建造累计时间 | C73: =24*SUM($C$72:C72) -> 0.016666667 | D73: =24*SUM($C$72:D72) -> 0.26666667 | E73: =24*SUM($C$72:E72) -> 1.0166667 | F73: =24*SUM($C$72:F72) -> 3.0166667 | G73: =24*SUM($C$72:G72) -> 9.0166667 | H73: =24*SUM($C$72:H72) -> 21.016667 | I73: =24*SUM($C$72:I72) -> 45.016667 | J73: =24*SUM($C$72:J72) -> 93.016667 | ... M73: =24*SUM($C$72:M72) -> 381.01667
A74: 消耗金币 | C74: 250 | D74: 1000 | E74: 4000 | F74: 16000 | G74: 50000 | H74: 100000 | I74: 200000 | J74: 400000 | K74: 800000 | L74: 1600000 | M74: 3200000
A75: 增加经验 | C75: 7 | D75: 17 | E75: 51 | F75: 84 | G75: 146 | H75: 207 | I75: 293 | J75: 415 | K75: 509 | L75: 587 | M75: 657
A76: 生命值 | C76: 400 | D76: 450 | E76: 500 | F76: 550 | G76: 590 | H76: 610 | I76: 630 | J76: 660 | K76: 690 | L76: 750 | M76: 900
A77: 单次伤害（攻速0.8） | C77: 7 | D77: 9 | E77: 12 | F77: 15 | G77: 20 | H77: 25 | I77: 32 | J77: 38 | K77: 45 | L77: 52 | M77: 60
A79: 迫击炮
A80: 建筑等级 | C80: 1 | D80: 2 | E80: 3 | F80: 4 | G80: 5 | H80: 6 | I80: 7
A81: 建造时间 | C81: 0.33333333 | D81: 0.5 | E81: 1 | F81: 2 | G81: 4 | H81: 5 | I81: 7
C82: =24*SUM($C$81:C81) -> 8 | D82: =24*SUM($C$81:D81) -> 20 | E82: =24*SUM($C$81:E81) -> 44 | F82: =24*SUM($C$81:F81) -> 92 | G82: =24*SUM($C$81:G81) -> 188 | H82: =24*SUM($C$81:H81) -> 308 | I82: =24*SUM($C$81:I81) -> 476
A83: 消耗金币 | C83: 8000 | D83: 32000 | E83: 120000 | F83: 400000 | G83: 800000 | H83: 1600000 | I83: 3200000
A84: 增加经验 | C84: 169 | D84: 207 | E84: 293 | F84: 415 | G84: 587 | H84: 657 | I84: 777
A85: 生命值 | C85: 400 | D85: 450 | E85: 500 | F85: 550 | G85: 590 | H85: 610 | I85: 640
A86: 单次伤害（攻速5） | C86: 20 | D86: 25 | E86: 30 | F86: 35 | G86: 40 | H86: 45 | I86: 55
A88: 弓箭塔
A89: 建筑等级 | C89: 1 | D89: 2 | E89: 3 | F89: 4 | G89: 5 | H89: 6 | I89: 7 | J89: 8 | K89: 9 | L89: 10 | M89: 11
A90: 建造时间 | C90: 0.010416667 | D90: 0.020833333 | E90: 0.03125 | F90: 0.16666667 | G90: 0.5 | H90: 1 | I90: 3 | J90: 4 | K90: 5 | L90: 6 | M90: 7
C91: =24*SUM($C$90:C90) -> 0.25 | D91: =24*SUM($C$90:D90) -> 0.75 | E91: =24*SUM($C$90:E90) -> 1.5 | F91: =24*SUM($C$90:F90) -> 5.5 | G91: =24*SUM($C$90:G90) -> 17.5 | H91: =24*SUM($C$90:H90) -> 41.5 | I91: =24*SUM($C$90:I90) -> 113.5 | J91: =24*SUM($C$90:J90) -> 209.5 | ... M91: =24*SUM($C$90:M90) -> 641.5
A92: 消耗金币 | C92: 1000 | D92: 2000 | E92: 5000 | F92: 20000 | G92: 80000 | H92: 180000 | I92: 360000 | J92: 720000 | K92: 1500000 | L92: 2500000 | M92: 5000000
A93: 增加经验 | C93: 30 | D93: 42 | E93: 51 | F93: 120 | G93: 207 | H93: 293 | I93: 509 | J93: 587 | K93: 657 | L93: 720 | M93: 777
A94: 生命值 | C94: 400 | D94: 450 | E94: 500 | F94: 550 | G94: 590 | H94: 610 | I94: 630 | J94: 660 | K94: 690 | L94: 720 | M94: 750
A95: 单次伤害（攻速1） | C95: 11 | D95: 15 | E95: 19 | F95: 25 | G95: 30 | H95: 35 | I95: 42 | J95: 48 | K95: 56 | L95: 65 | M95: 75
A97: 防空火箭
A98: 建筑等级 | C98: 1 | D98: 2 | E98: 3 | F98: 4 | G98: 5 | H98: 6 | I98: 7 | J98: 8
A99: 建造时间 | C99: 0.20833333 | D99: 1 | E99: 3 | F99: 5 | G99: 6 | H99: 8 | I99: 10 | J99: 12
C100: =24*SUM($C$99:C99) -> 5 | D100: =24*SUM($C$99:D99) -> 29 | E100: =24*SUM($C$99:E99) -> 101 | F100: =24*SUM($C$99:F99) -> 221 | G100: =24*SUM($C$99:G99) -> 365 | H100: =24*SUM($C$99:H99) -> 557 | I100: =24*SUM($C$99:I99) -> 797 | J100: =24*SUM($C$99:J99) -> 1085
A101: 消耗金币 | C101: 22500 | D101: 90000 | E101: 270000 | F101: 540000 | G101: 1080000 | H101: 2160000 | I101: 4320000 | J101: 7560000
A102: 增加经验 | C102: 134 | D102: 293 | E102: 509 | F102: 657 | G102: 720 | H102: 831 | I102: 929 | J102: 1018
A103: 生命值 | C103: 800 | D103: 860 | E103: 900 | F103: 940 | G103: 990 | H103: 1040 | I103: 1100 | J103: 1160
A104: 单次伤害（攻速1） | C104: 80 | D104: 110 | E104: 140 | F104: 160 | G104: 190 | H104: 230 | I104: 280 | J104: 320
A106: 法师塔
A107: 建筑等级 | C107: 1 | D107: 2 | E107: 3 | F107: 4 | G107: 5 | H107: 6 | I107: 7
A108: 建造时间 | C108: 0.5 | D108: 1 | E108: 2 | F108: 4 | G108: 6 | H108: 8 | I108: 10
C109: =24*SUM($C$108:C108) -> 12 | D109: =24*SUM($C$108:D108) -> 36 | E109: =24*SUM($C$108:E108) -> 84 | F109: =24*SUM($C$108:F108) -> 180 | G109: =24*SUM($C$108:G108) -> 324 | H109: =24*SUM($C$108:H108) -> 516 | I109: =24*SUM($C$108:I108) -> 756
A110: 消耗金币 | C110: 180000 | D110: 360000 | E110: 720000 | F110: 1280000 | G110: 1960000 | H110: 2680000 | I110: 5360000
A111: 增加经验 | C111: 207 | D111: 293 | E111: 415 | F111: 587 | G111: 720 | H111: 831 | I111: 929
A112: 生命值 | C112: 620 | D112: 660 | E112: 690 | F112: 720 | G112: 760 | H112: 800 | I112: 840
...

Sheet 等级参数
A1: 建筑数量限制关系
A2: 大本营等级 | B2: 部落城堡 | C2: 金矿 | D2: 圣水收集器 | E2: 储金罐 | F2: 圣水瓶 | G2: 暗黑石油钻井 | H2: 暗黑石油罐 | I2: 工房 | J2: 加农炮 | K2: 迫击炮 | L2: 弓箭塔 | M2: 防空火箭 | N2: 法师塔 | O2: 电磁塔 | P2: 城墙 | Q2: X弩 | R2: 地狱之塔 | S2: 隐身炸弹 | T2: 隐身弹簧 | U2: 巨型炸弹 | V2: 空中炸弹 | W2: 追踪式空中炸弹 | X2: 营地 | Y2: 训练营 | Z2: 黑暗训练营 | AA2: 试验室 | AB2: 法术工厂 | AC2: 野蛮人之王 | AD2: 弓箭女王
A3: 1 | B3: 0 | C3: 1 | D3: 1 | E3: 1 | F3: 1 | G3: 0 | H3: 0 | I3: 5 | J3: 2 | K3: 0 | L3: 0 | M3: 0 | N3: 0 | O3: 0 | P3: 0 | Q3: 0 | R3: 0 | S3: 0 | T3: 0 | U3: 0 | V3: 0 | W3: 0 | X3: 1 | Y3: 1 | Z3: 0 | AA3: 0 | AB3: 0 | AC3: 0 | AD3: 0
A4: 2 | B4: 0 | C4: 2 | D4: 2 | E4: 1 | F4: 1 | G4: 0 | H4: 0 | I4: 5 | J4: 2 | K4: 0 | L4: 1 | M4: 0 | N4: 0 | O4: 0 | P4: 25 | Q4: 0 | R4: 0 | S4: 2 | T4: 0 | U4: 0 | V4: 0 | W4: 0 | X4: 1 | Y4: 2 | Z4: 0 | AA4: 0 | AB4: 0 | AC4: 0 | AD4: 0
A5: 3 | B5: 1 | C5: 3 | D5: 3 | E5: 2 | F5: 2 | G5: 0 | H5: 0 | I5: 5 | J5: 2 | K5: 1 | L5: 1 | M5: 0 | N5: 0 | O5: 0 | P5: 50 | Q5: 0 | R5: 0 | S5: 2 | T5: 0 | U5: 0 | V5: 0 | W5: 0 | X5: 2 | Y5: 2 | Z5: 0 | AA5: 1 | AB5: 0 | AC5: 0 | AD5: 0
A6: 4 | B6: 1 | C6: 4 | D6: 4 | E6: 2 | F6: 2 | G6: 0 | H6: 0 | I6: 5 | J6: 2 | K6: 1 | L6: 2 | M6: 1 | N6: 0 | O6: 0 | P6: 75 | Q6: 0 | R6: 0 | S6: 2 | T6: 2 | U6: 0 | V6: 0 | W6: 0 | X6: 2 | Y6: 3 | Z6: 0 | AA6: 1 | AB6: 0 | AC6: 0 | AD6: 0
A7: 5 | B7: 1 | C7: 5 | D7: 5 | E7: 2 | F7: 2 | G7: 0 | H7: 0 | I7: 5 | J7: 3 | K7: 1 | L7: 3 | M7: 1 | N7: 1 | O7: 0 | P7: 100 | Q7: 0 | R7: 0 | S7: 4 | T7: 2 | U7: 0 | V7: 2 | W7: 0 | X7: 3 | Y7: 3 | Z7: 0 | AA7: 1 | AB7: 1 | AC7: 0 | AD7: 0
A8: 6 | B8: 1 | C8: 6 | D8: 6 | E8: 2 | F8: 2 | G8: 0 | H8: 0 | I8: 5 | J8: 3 | K8: 2 | L8: 3 | M8: 1 | N8: 2 | O8: 0 | P8: 125 | Q8: 0 | R8: 0 | S8: 4 | T8: 4 | U8: 1 | V8: 2 | W8: 0 | X8: 3 | Y8: 3 | Z8: 0 | AA8: 1 | AB8: 1 | AC8: 0 | AD8: 0
A9: 7 | B9: 1 | C9: 6 | D9: 6 | E9: 2 | F9: 2 | G9: 0 | H9: 1 | I9: 5 | J9: 5 | K9: 3 | L9: 4 | M9: 2 | N9: 2 | O9: 2 | P9: 175 | Q9: 0 | R9: 0 | S9: 6 | T9: 4 | U9: 2 | V9: 2 | W9: 1 | X9: 4 | Y9: 4 | Z9: 1 | AA9: 1 | AB9: 1 | AC9: 1 | AD9: 0
A10: 8 | B10: 1 | C10: 6 | D10: 6 | E10: 3 | F10: 3 | G10: 1 | H10: 1 | I10: 5 | J10: 5 | K10: 3 | L10: 5 | M10: 3 | N10: 3 | O10: 3 | P10: 225 | Q10: 0 | R10: 0 | S10: 6 | T10: 6 | U10: 3 | V10: 4 | W10: 2 | X10: 4 | Y10: 4 | Z10: 2 | AA10: 1 | AB10: 1 | AC10: 1 | AD10: 0
A11: 9 | B11: 1 | C11: 6 | D11: 6 | E11: 3 | F11: 3 | G11: 2 | H11: 1 | I11: 5 | J11: 5 | K11: 3 | L11: 6 | M11: 4 | N11: 4 | O11: 4 | P11: 250 | Q11: 2 | R11: 0 | S11: 6 | T11: 6 | U11: 4 | V11: 4 | W11: 3 | X11: 4 | Y11: 4 | Z11: 2 | AA11: 1 | AB11: 1 | AC11: 1 | AD11: 1
A12: 10 | B12: 1 | C12: 6 | D12: 6 | E12: 3 | F12: 3 | G12: 3 | H12: 1 | I12: 5 | J12: 6 | K12: 3 | L12: 7 | M12: 4 | N12: 4 | O12: 4 | P12: 250 | Q12: 2 | R12: 1 | S12: 6 | T12: 6 | U12: 5 | V12: 4 | W12: 3 | X12: 4 | Y12: 4 | Z12: 2 | AA12: 1 | AB12: 1 | AC12: 1 | AD12: 1
A14: 建筑等级限制关系
A15: 大本营等级 | B15: 部落城堡 | C15: 金矿 | D15: 圣水收集器 | E15: 储金罐 | F15: 圣水瓶 | G15: 暗黑石油钻井 | H15: 暗黑石油罐 | I15: 工房 | J15: 加农炮 | K15: 迫击炮 | L15: 弓箭塔 | M15: 防空火箭 | N15: 法师塔 | O15: 电磁塔 | P15: 城墙 | Q15: X弩 | R15: 地狱之塔 | S15: 隐身炸弹 | T15: 隐身弹簧 | U15: 巨型炸弹 | V15: 空中炸弹 | W15: 追踪式空中炸弹 | X15: 营地 | Y15: 训练营 | Z15: 黑暗训练营 | AA15: 试验室 | AB15: 法术工厂 | AC15: 野蛮人之王 | AD15: 弓箭女王
A16: 1 | B16: 0 | C16: 2 | D16: 2 | E16: 1 | F16: 1 | G16: 0 | H16: 0 | I16: 1 | J16: 2 | K16: 0 | L16: 0 | M16: 0 | N16: 0 | O16: 0 | P16: 0 | Q16: 0 | R16: 0 | S16: 0 | T16: 0 | U16: 0 | V16: 0 | W16: 0 | X16: 1 | Y16: 3 | Z16: 0 | AA16: 0 | AB16: 0 | AC16: 0 | AD16: 0
A17: 2 | B17: 0 | C17: 4 | D17: 4 | E17: 3 | F17: 3 | G17: 0 | H17: 0 | I17: 1 | J17: 3 | K17: 0 | L17: 2 | M17: 0 | N17: 0 | O17: 0 | P17: 2 | Q17: 0 | R17: 0 | S17: 1 | T17: 0 | U17: 0 | V17: 0 | W17: 0 | X17: 2 | Y17: 4 | Z17: 0 | AA17: 0 | AB17: 0 | AC17: 0 | AD17: 0
A18: 3 | B18: 1 | C18: 6 | D18: 6 | E18: 6 | F18: 6 | G18: 0 | H18: 0 | I18: 1 | J18: 4 | K18: 1 | L18: 3 | M18: 0 | N18: 0 | O18: 0 | P18: 3 | Q18: 0 | R18: 0 | S18: 1 | T18: 0 | U18: 0 | V18: 0 | W18: 0 | X18: 3 | Y18: 5 | Z18: 0 | AA18: 1 | AB18: 0 | AC18: 0 | AD18: 0
A19: 4 | B19: 2 | C19: 8 | D19: 8 | E19: 8 | F19: 8 | G19: 0 | H19: 0 | I19: 1 | J19: 5 | K19: 2 | L19: 4 | M19: 2 | N19: 0 | O19: 0 | P19: 4 | Q19: 0 | R19: 0 | S19: 1 | T19: 1 | U19: 0 | V19: 0 | W19: 0 | X19: 4 | Y19: 6 | Z19: 0 | AA19: 2 | AB19: 0 | AC19: 0 | AD19: 0
A20: 5 | B20: 2 | C20: 10 | D20: 10 | E20: 9 | F20: 9 | G20: 0 | H20: 0 | I20: 1 | J20: 6 | K20: 3 | L20: 6 | M20: 3 | N20: 2 | O20: 0 | P20: 5 | Q20: 0 | R20: 0 | S20: 1 | T20: 1 | U20: 0 | V20: 1 | W20: 0 | X20: 5 | Y20: 7 | Z20: 0 | AA20: 3 | AB20: 1 | AC20: 0 | AD20: 0
A21: 6 | B21: 3 | C21: 10 | D21: 10 | E21: 10 | F21: 10 | G21: 0 | H21: 0 | I21: 1 | J21: 7 | K21: 4 | L21: 7 | M21: 4 | N21: 3 | O21: 0 | P21: 6 | Q21: 0 | R21: 0 | S21: 1 | T21: 1 | U21: 1 | V21: 1 | W21: 0 | X21: 6 | Y21: 8 | Z21: 0 | AA21: 4 | AB21: 2 | AC21: 0 | AD21: 0
A22: 7 | B22: 3 | C22: 11 | D22: 11 | E22: 11 | F22: 11 | G22: 0 | H22: 2 | I22: 1 | J22: 8 | K22: 5 | L22: 8 | M22: 5 | N22: 4 | O22: 3 | P22: 7 | Q22: 0 | R22: 0 | S22: 1 | T22: 1 | U22: 1 | V22: 1 | W22: 1 | X22: 7 | Y22: 9 | Z22: 2 | AA22: 5 | AB22: 3 | AC22: 5 | AD22: 0
A23: 8 | B23: 4 | C23: 11 | D23: 11 | E23: 11 | F23: 11 | G23: 3 | H23: 4 | I23: 1 | J23: 10 | K23: 6 | L23: 10 | M23: 6 | N23: 6 | O23: 6 | P23: 8 | Q23: 0 | R23: 0 | S23: 1 | T23: 1 | U23: 1 | V23: 1 | W23: 1 | X23: 7 | Y23: 10 | Z23: 4 | AA23: 6 | AB23: 4 | AC23: 10 | AD23: 0
A24: 9 | B24: 5 | C24: 11 | D24: 11 | E24: 11 | F24: 11 | G24: 6 | H24: 6 | I24: 1 | J24: 11 | K24: 7 | L24: 11 | M24: 7 | N24: 7 | O24: 7 | P24: 10 | Q24: 3 | R24: 0 | S24: 1 | T24: 1 | U24: 1 | V24: 1 | W24: 1 | X24: 7 | Y24: 10 | Z24: 4 | AA24: 7 | AB24: 4 | AC24: 30 | AD24: 40
A25: 10 | B25: 5 | C25: 11 | D25: 11 | E25: 11 | F25: 11 | G25: 6 | H25: 6 | I25: 1 | J25: 11 | K25: 7 | L25: 11 | M25: 8 | N25: 7 | O25: 7 | P25: 10 | Q25: 4 | R25: 2 | S25: 1 | T25: 1 | U25: 1 | V25: 1 | W25: 1 | X25: 7 | Y25: 10 | Z25: 4 | AA25: 8 | AB25: 4 | AC25: 40 | AD25: 40
A27: 单建筑升级时间
A28: 大本营 | B28: 部落城堡 | C28: 金矿 | D28: 圣水收集器 | E28: 储金罐 | F28: 圣水瓶 | G28: 暗黑石油钻井 | H28: 暗黑石油罐 | I28: 工房 | J28: 加农炮 | K28: 迫击炮 | L28: 弓箭塔 | M28: 防空火箭 | N28: 法师塔 | O28: 电磁塔 | P28: 城墙 | Q28: X弩 | R28: 地狱之塔 | S28: 隐身炸弹 | T28: 隐身弹簧 | U28: 巨型炸弹 | V28: 空中炸弹 | W28: 追踪式空中炸弹 | X28: 营地 | Y28: 训练营 | Z28: 黑暗训练营 | AA28: 试验室 | AB28: 法术工厂 | AC28: 野蛮人之王 | AD28: 弓箭女王 | AE28: 野蛮人科技 | AF28: 弓箭手科技 | AG28: 哥布林科技 | AH28: 巨人科技 | AI28: 炸弹人科技 | AJ28: 气球兵科技 | AK28: 巫师科技 | AL28: 天使科技 | AM28: 飞龙科技 | AN28: 魔王科技 | AO28: 闪电咒语科技 | AP28: 治疗咒语科技 | AQ28: 狂暴咒语科技 | AR28: 跳跃咒语科技 | AS28: 小飞龙科技 | AT28: 野猪骑士科技 | AU28: 瓦尔基里科技 | AV28: 石头人科技
A29: 0 | B29: 0 | C29: =[1]建筑配置!C17+[1]建筑配置!D17 -> 0.0041666667 | D29: =[1]建筑配置!C26+[1]建筑配置!D26 -> 0.0041666667 | E29: =[1]建筑配置!C35 -> 0.010416667 | F29: =[1]建筑配置!C43 -> 0.010416667 | G29: =IF(G16=0,0,"") -> 0 | H29: =IF(H16=0,0,"") -> 0 | I29: 0 | J29: =[1]建筑配置!C68+[1]建筑配置!D68 -> 0.011111111 | K29: =IF(K16=0,0,"") -> 0 | L29: =IF(L16=0,0,"") -> 0 | M29: =IF(M16=0,0,"") -> 0 | N29: =IF(N16=0,0,"") -> 0 | O29: =IF(O16=0,0,"") -> 0 | P29: =IF(P16=0,0,"") -> 0 | Q29: =IF(Q16=0,0,"") -> 0 | R29: =IF(R16=0,0,"") -> 0 | ... W29: =IF(W16=0,0,"") -> 0 | X29: =[1]建筑配置!C140 -> 0.0034722222 | Y29: =[1]建筑配置!C148+[1]建筑配置!D148+[1]建筑配置!E148 -> 0.094444444 | Z29: =IF(Z16=0,0,"") -> 0 | AA29: =IF(AA16=0,0,"") -> 0 | AB29: =IF(AB16=0,0,"") -> 0 | AC29: =IF(AC16=0,0,"") -> 0 | AD29: =IF(AD16=0,0,"") -> 0 | AE29: =IF(AE16=0,0,"") -> 0 | AF29: =IF(AF16=0,0,"") -> 0 | AG29: =IF(AG16=0,0,"") -> 0 | ... AV29: =IF(AV16=0,0,"") -> 0
A30: =[1]建筑配置!D3 -> 0.0034722222 | B30: 0 | C30: =[1]建筑配置!E17+[1]建筑配置!F17 -> 0.052083333 | D30: =[1]建筑配置!E26+[1]建筑配置!F26 -> 0.052083333 | E30: =[1]建筑配置!D35+[1]建筑配置!E35 -> 0.0625 | F30: =[1]建筑配置!D43+[1]建筑配置!E43 -> 0.0625 | G30: =IF(G17=G16,0,"") -> 0 | H30: =IF(H17=H16,0,"") -> 0 | I30: =IF(I17=I16,0,"") -> 0 | J30: =[1]建筑配置!E68 -> 0.03125 | K30: =IF(K17=K16,0,"") -> 0 | L30: =[1]建筑配置!C84+[1]建筑配置!D84 -> 0.03125 | M30: =IF(M17=M16,0,"") -> 0 | N30: =IF(N17=N16,0,"") -> 0 | O30: =IF(O17=O16,0,"") -> 0 | P30: 0 | Q30: =IF(Q17=Q16,0,"") -> 0 | R30: =IF(R17=R16,0,"") -> 0 | S30: 0 | T30: =IF(T17=T16,0,"") -> 0 | U30: =IF(U17=U16,0,"") -> 0 | V30: =IF(V17=V16,0,"") -> 0 | W30: =IF(W17=W16,0,"") -> 0 | X30: =[1]建筑配置!D140 -> 0.041666667 | Y30: =[1]建筑配置!F148 -> 0.16666667 | Z30: =IF(Z17=Z16,0,"") -> 0 | AA30: =IF(AA17=AA16,0,"") -> 0 | AB30: =IF(AB17=AB16,0,"") -> 0 | AC30: =IF(AC17=AC16,0,"") -> 0 | AD30: =IF(AD17=AD16,0,"") -> 0 | AE30: =IF(AE17=AE16,0,"") -> 0 | AF30: =IF(AF17=AF16,0,"") -> 0 | AG30: =IF(AG17=AG16,0,"") -> 0 | ... AV30: =IF(AV17=AV16,0,"") -> 0
A31: =[1]建筑配置!E3 -> 0.125 | B31: =[1]建筑配置!C10 -> 0 | C31: =[1]建筑配置!G17+[1]建筑配置!H17 -> 0.33333333 | D31: =[1]建筑配置!G26+[1]建筑配置!H26 -> 0.33333333 | E31: =[1]建筑配置!F26+[1]建筑配置!G26+[1]建筑配置!H26 -> 0.375 | F31: =[1]建筑配置!F43+[1]建筑配置!G43+[1]建筑配置!H43 -> 0.375 | G31: =IF(G18=G17,0,"") -> 0 | H31: =IF(H18=H17,0,"") -> 0 | I31: =IF(I18=I17,0,"") -> 0 | J31: =[1]建筑配置!F68 -> 0.083333333 | K31: =[1]建筑配置!C76 -> 0.33333333 | L31: =[1]建筑配置!E84 -> 0.03125 | M31: =IF(M18=M17,0,"") -> 0 | N31: =IF(N18=N17,0,"") -> 0 | O31: =IF(O18=O17,0,"") -> 0 | P31: 0 | Q31: =IF(Q18=Q17,0,"") -> 0 | R31: =IF(R18=R17,0,"") -> 0 | S31: =IF(S18=S17,0,"") -> 0 | T31: =IF(T18=T17,0,"") -> 0 | U31: =IF(U18=U17,0,"") -> 0 | V31: =IF(V18=V17,0,"") -> 0 | W31: =IF(W18=W17,0,"") -> 0 | X31: =[1]建筑配置!E140 -> 0.125 | Y31: =[1]建筑配置!G148 -> 0.41666667 | Z31: =IF(Z18=Z17,0,"") -> 0 | AA31: =[1]建筑配置!C164 -> 0.020833333 | AB31: =IF(AB18=AB17,0,"") -> 0 | AC31: =IF(AC18=AC17,0,"") -> 0 | AD31: =IF(AD18=AD17,0,"") -> 0 | AE31: =[1]建筑配置!C169 -> 0.25 | AF31: =[1]建筑配置!C172 -> 0.5 | AG31: =[1]建筑配置!C175 -> 0.5 | AH31: 0 | AI31: 0 | AJ31: 0 | AK31: 0 | AL31: 0 | AM31: 0 | AN31: 0 | AO31: =[1]建筑配置!C199 -> 1 | AP31: 0 | AQ31: 0 | AR31: 0 | AS31: 0 | AT31: 0 | AU31: 0 | AV31: 0
A32: =[1]建筑配置!F3 -> 1 | B32: =[1]建筑配置!D17 -> 0.0034722222 | C32: =[1]建筑配置!I17+[1]建筑配置!J17 -> 1.5 | D32: =[1]建筑配置!I26+[1]建筑配置!J26 -> 1.5 | E32: =[1]建筑配置!I35+[1]建筑配置!J35 -> 0.58333333 | F32: =[1]建筑配置!I43+[1]建筑配置!J43 -> 0.58333333 | G32: =IF(G19=G18,0,"") -> 0 | H32: =IF(H19=H18,0,"") -> 0 | I32: =IF(I19=I18,0,"") -> 0 | J32: =[1]建筑配置!G68 -> 0.25 | K32: =[1]建筑配置!D76 -> 0.5 | L32: =[1]建筑配置!F84 -> 0.16666667 | M32: =[1]建筑配置!C92+[1]建筑配置!D92 -> 1.2083333 | N32: =IF(N19=N18,0,"") -> 0 | O32: =IF(O19=O18,0,"") -> 0 | P32: 0 | Q32: =IF(Q19=Q18,0,"") -> 0 | R32: =IF(R19=R18,0,"") -> 0 | S32: =IF(S19=S18,0,"") -> 0 | T32: 0 | U32: =IF(U19=U18,0,"") -> 0 | V32: =IF(V19=V18,0,"") -> 0 | W32: =IF(W19=W18,0,"") -> 0 | X32: =[1]建筑配置!F140 -> 0.33333333 | Y32: =[1]建筑配置!H148 -> 0.66666667 | Z32: =IF(Z19=Z18,0,"") -> 0 | AA32: =[1]建筑配置!D164 -> 0.20833333 | AB32: =IF(AB19=AB18,0,"") -> 0 | AC32: =IF(AC19=AC18,0,"") -> 0 | AD32: =IF(AD19=AD18,0,"") -> 0 | AE32: 0 | AF32: 0 | AG32: 0 | AH32: =[1]建筑配置!D178 -> 1 | AI32: =[1]建筑配置!D181 -> 1 | AJ32: =[1]建筑配置!D184 -> 1 | AK32: 0 | AL32: 0 | AM32: 0 | AN32: 0 | AO32: =[1]建筑配置!D199 -> 2 | AP32: =[1]建筑配置!D202 -> 1 | AQ32: 0 | AR32: 0 | AS32: 0 | AT32: 0 | AU32: 0 | AV32: 0
A33: =[1]建筑配置!G3 -> 2 | B33: 0 | C33: =[1]建筑配置!K17+[1]建筑配置!L17 -> 5 | D33: =[1]建筑配置!K26+[1]建筑配置!L26 -> 5 | E33: =[1]建筑配置!K35 -> 0.5 | F33: =[1]建筑配置!K43 -> 0.5 | G33: =IF(G20=G19,0,"") -> 0 | H33: =IF(H20=H19,0,"") -> 0 | I33: =IF(I20=I19,0,"") -> 0 | J33: =[1]建筑配置!H68 -> 0.5 | K33: =[1]建筑配置!E76 -> 1 | L33: =[1]建筑配置!G84+[1]建筑配置!H84 -> 1.5 | M33: =[1]建筑配置!E92 -> 3 | N33: =[1]建筑配置!C100+[1]建筑配置!D100 -> 1.5 | O33: =IF(O20=O19,0,"") -> 0 | P33: 0 | Q33: =IF(Q20=Q19,0,"") -> 0 | R33: =IF(R20=R19,0,"") -> 0 | S33: =IF(S20=S19,0,"") -> 0 | T33: =IF(T20=T19,0,"") -> 0 | U33: =IF(U20=U19,0,"") -> 0 | V33: 0 | W33: =IF(W20=W19,0,"") -> 0 | X33: =[1]建筑配置!G140 -> 1 | Y33: =[1]建筑配置!I148 -> 1 | Z33: =IF(Z20=Z19,0,"") -> 0 | AA33: =[1]建筑配置!E164 -> 0.5 | AB33: =[1]建筑配置!C225 -> 1 | AC33: =IF(AC20=AC19,0,"") -> 0 | AD33: =IF(AD20=AD19,0,"") -> 0 | AE33: =[1]建筑配置!E169 -> 1 | AF33: =[1]建筑配置!E172 -> 2 | AG33: =[1]建筑配置!E175 -> 2 | AH33: 0 | AI33: 0 | AJ33: 0 | AK33: =[1]建筑配置!E187 -> 1 | AL33: 0 | AM33: 0 | AN33: 0 | AO33: =[1]建筑配置!E199 -> 3 | AP33: 0 | AQ33: =[1]建筑配置!E205 -> 2 | AR33: 0 | AS33: 0 | AT33: 0 | AU33: 0 | AV33: 0
A34: =[1]建筑配置!H3 -> 4 | B34: =[1]建筑配置!E10 -> 1 | C34: =[1]建筑配置!M17 -> 4 | D34: =[1]建筑配置!M26 -> 4 | E34: =[1]建筑配置!L35 -> 1 | F34: =[1]建筑配置!L43 -> 1 | G34: =IF(G21=G20,0,"") -> 0 | H34: =IF(H21=H20,0,"") -> 0 | I34: =IF(I21=I20,0,"") -> 0 | J34: =[1]建筑配置!I68 -> 1 | K34: =[1]建筑配置!F76 -> 2 | L34: =[1]建筑配置!I84 -> 3 | M34: =[1]建筑配置!F92 -> 5 | N34: =[1]建筑配置!E100 -> 2 | O34: =IF(O21=O20,0,"") -> 0 | P34: 0 | Q34: =IF(Q21=Q20,0,"") -> 0 | R34: =IF(R21=R20,0,"") -> 0 | S34: =IF(S21=S20,0,"") -> 0 | T34: =IF(T21=T20,0,"") -> 0 | U34: 0 | V34: =IF(V21=V20,0,"") -> 0 | W34: =IF(W21=W20,0,"") -> 0 | X34: =[1]建筑配置!H140 -> 3 | Y34: =[1]建筑配置!J148 -> 2 | Z34: =IF(Z21=Z20,0,"") -> 0 | AA34: =[1]建筑配置!F164 -> 1 | AB34: =[1]建筑配置!D225 -> 2 | AC34: =IF(AC21=AC20,0,"") -> 0 | AD34: =IF(AD21=AD20,0,"") -> 0 | AE34: 0 | AF34: 0 | AG34: 0 | AH34: =[1]建筑配置!F178 -> 2 | AI34: =[1]建筑配置!F181 -> 2 | AJ34: =[1]建筑配置!F184 -> 2 | AK34: =[1]建筑配置!F187 -> 2 | AL34: 0 | AM34: 0 | AN34: 0 | AO34: 0 | AP34: =[1]建筑配置!F202 -> 2 | AQ34: =[1]建筑配置!F205 -> 3 | AR34: 0 | AS34: 0 | AT34: 0 | AU34: 0 | AV34: 0
A35: =[1]建筑配置!I3 -> 6 | B35: 0 | C35: 0 | D35: 0 | E35: =[1]建筑配置!M35 -> 2 | F35: =[1]建筑配置!M43 -> 2 | G35: =IF(G22=G21,0,"") -> 0 | H35: =[1]建筑配置!C60+[1]建筑配置!D60 -> 3 | I35: =IF(I22=I21,0,"") -> 0 | J35: =[1]建筑配置!J68 -> 2 | K35: =[1]建筑配置!G76 -> 4 | L35: =[1]建筑配置!J84 -> 4 | M35: =[1]建筑配置!G92 -> 6 | N35: =[1]建筑配置!F100 -> 4 | O35: =[1]建筑配置!C108+[1]建筑配置!D108+[1]建筑配置!E108 -> 12 | P35: 0 | Q35: =IF(Q22=Q21,0,"") -> 0 | R35: =IF(R22=R21,0,"") -> 0 | S35: =IF(S22=S21,0,"") -> 0 | T35: =IF(T22=T21,0,"") -> 0 | U35: =IF(U22=U21,0,"") -> 0 | V35: =IF(V22=V21,0,"") -> 0 | W35: 0 | X35: =[1]建筑配置!I140 -> 5 | Y35: =[1]建筑配置!K148 -> 4 | Z35: =[1]建筑配置!C156+[1]建筑配置!D156 -> 8 | AA35: =[1]建筑配置!G164 -> 2 | AB35: =[1]建筑配置!E225 -> 4 | AC35: =[1]建筑配置!C233+[1]建筑配置!D233+[1]建筑配置!E233+[1]建筑配置!F233+[1]建筑配置!G233 -> 5 | AD35: =IF(AD22=AD21,0,"") -> 0 | AE35: =[1]建筑配置!G169 -> 3 | AF35: =[1]建筑配置!G172 -> 3 | AG35: =[1]建筑配置!G175 -> 3 | AH35: =[1]建筑配置!G178 -> 3 | AI35: =[1]建筑配置!G181 -> 3 | AJ35: =[1]建筑配置!G184 -> 3 | AK35: =[1]建筑配置!G187 -> 3 | AL35: =[1]建筑配置!G190 -> 3 | AM35: =[1]建筑配置!G193 -> 7 | AN35: 0 | AO35: 0 | AP35: =[1]建筑配置!G202 -> 3 | AQ35: =[1]建筑配置!G205 -> 5 | AR35: 0 | AS35: =[1]建筑配置!G211 -> 5 | AT35: =[1]建筑配置!G214 -> 8 | AU35: 0 | AV35: 0
A36: =[1]建筑配置!J3 -> 8 | B36: =[1]建筑配置!F10 -> 2 | C36: 0 | D36: 0 | E36: =IF(E23=E22,0,"") -> 0 | F36: =IF(F23=F22,0,"") -> 0 | G36: =[1]建筑配置!C51+[1]建筑配置!D51+[1]建筑配置!E51 -> 6 | H36: =[1]建筑配置!E60+[1]建筑配置!F60 -> 7 | I36: =IF(I23=I22,0,"") -> 0 | J36: =[1]建筑配置!K68+[1]建筑配置!L68 -> 7 | K36: =[1]建筑配置!H76 -> 5 | L36: =[1]建筑配置!K84+[1]建筑配置!L84 -> 11 | M36: =[1]建筑配置!H92 -> 8 | N36: =[1]建筑配置!G100+[1]建筑配置!H100 -> 14 | O36: =[1]建筑配置!F108+[1]建筑配置!G108+[1]建筑配置!H108 -> 30 | P36: 0 | Q36: =IF(Q23=Q22,0,"") -> 0 | R36: =IF(R23=R22,0,"") -> 0 | S36: =IF(S23=S22,0,"") -> 0 | T36: =IF(T23=T22,0,"") -> 0 | U36: =IF(U23=U22,0,"") -> 0 | V36: =IF(V23=V22,0,"") -> 0 | W36: =IF(W23=W22,0,"") -> 0 | X36: =IF(X23=X22,0,"") -> 0 | Y36: =[1]建筑配置!L148 -> 6 | Z36: =[1]建筑配置!E156+[1]建筑配置!F156 -> 13 | AA36: =[1]建筑配置!H164 -> 4 | AB36: =[1]建筑配置!F225 -> 5 | AC36: =[1]建筑配置!H233+[1]建筑配置!I233+[1]建筑配置!K233+[1]建筑配置!J233+[1]建筑配置!L233 -> 17.5 | AD36: =IF(AD23=AD22,0,"") -> 0 | AE36: =[1]建筑配置!H169 -> 5 | AF36: =[1]建筑配置!H172 -> 5 | AG36: =[1]建筑配置!H175 -> 5 | AH36: =[1]建筑配置!H178 -> 5 | AI36: =[1]建筑配置!H181 -> 5 | AJ36: =[1]建筑配置!H184 -> 5 | AK36: =[1]建筑配置!H187 -> 5 | AL36: =[1]建筑配置!H190 -> 5 | AM36: =[1]建筑配置!H193 -> 10 | AN36: =[1]建筑配置!H196+[1]建筑配置!I196 -> 22 | AO36: =[1]建筑配置!H199 -> 4 | AP36: =[1]建筑配置!H202 -> 5 | AQ36: =[1]建筑配置!H205 -> 7 | AR36: 0 | AS36: =[1]建筑配置!H211+[1]建筑配置!I211 -> 13 | AT36: =[1]建筑配置!H214+[1]建筑配置!I214 -> 22 | AU36: =[1]建筑配置!H217 -> 10 | AV36: =[1]建筑配置!H220 -> 10
A37: =[1]建筑配置!K3 -> 10 | B37: =[1]建筑配置!G10 -> 7 | C37: 0 | D37: 0 | E37: =IF(E24=E23,0,"") -> 0 | F37: =IF(F24=F23,0,"") -> 0 | G37: =[1]建筑配置!F51+[1]建筑配置!G51+[1]建筑配置!H51 -> 18 | H37: =[1]建筑配置!G60+[1]建筑配置!H60 -> 11 | I37: =IF(I24=I23,0,"") -> 0 | J37: =[1]建筑配置!M68 -> 5 | K37: =[1]建筑配置!I76 -> 7 | L37: =[1]建筑配置!M84 -> 7 | M37: =[1]建筑配置!I92 -> 10 | N37: =[1]建筑配置!I100 -> 10 | O37: =[1]建筑配置!I108 -> 14 | P37: 0 | Q37: =[1]建筑配置!C122+[1]建筑配置!D122+[1]建筑配置!E122 -> 31 | R37: =IF(R24=R23,0,"") -> 0 | S37: =IF(S24=S23,0,"") -> 0 | T37: =IF(T24=T23,0,"") -> 0 | U37: =IF(U24=U23,0,"") -> 0 | V37: =IF(V24=V23,0,"") -> 0 | W37: =IF(W24=W23,0,"") -> 0 | X37: =IF(X24=X23,0,"") -> 0 | Y37: =IF(Y24=Y23,0,"") -> 0 | Z37: =IF(Z24=Z23,0,"") -> 0 | AA37: =[1]建筑配置!J164 -> 5 | AB37: =IF(AB24=AB23,0,"") -> 0 | AC37: =SUM([1]建筑配置!M233:AF233) -> 135 | AD37: =SUM([1]建筑配置!C241:AP241) -> 227.5 | AE37: =[1]建筑配置!J169 -> 10 | AF37: =[1]建筑配置!J172 -> 14 | AG37: 0 | AH37: =[1]建筑配置!J178 -> 10 | AI37: 0 | AJ37: =[1]建筑配置!J184 -> 10 | AK37: 0 | AL37: =[1]建筑配置!J190 -> 7 | AM37: 0 | AN37: 0 | AO37: 0 | AP37: 0 | AQ37: 0 | AR37: =[1]建筑配置!J208 -> 5 | AS37: =[1]建筑配置!J211 -> 10 | AT37: =[1]建筑配置!J214 -> 14 | AU37: =[1]建筑配置!J217+[1]建筑配置!K217 -> 26 | AV37: =[1]建筑配置!J220+[1]建筑配置!K220 -> 26
A38: =[1]建筑配置!L3 -> 14 | B38: 0 | C38: 0 | D38: 0 | E38: =IF(E25=E24,0,"") -> 0 | F38: =IF(F25=F24,0,"") -> 0 | G38: =IF(G25=G24,0,"") -> 0 | H38: =IF(H25=H24,0,"") -> 0 | I38: =IF(I25=I24,0,"") -> 0 | J38: =IF(J25=J24,0,"") -> 0 | K38: =IF(K25=K24,0,"") -> 0 | L38: =IF(L25=L24,0,"") -> 0 | M38: =[1]建筑配置!J92 -> 12 | N38: =IF(N25=N24,0,"") -> 0 | O38: =IF(O25=O24,0,"") -> 0 | P38: =IF(P25=P24,0,"") -> 0 | Q38: =[1]建筑配置!F122 -> 14 | R38: =[1]建筑配置!C130+[1]建筑配置!D130 -> 17 | S38: =IF(S25=S24,0,"") -> 0 | T38: =IF(T25=T24,0,"") -> 0 | U38: =IF(U25=U24,0,"") -> 0 | V38: =IF(V25=V24,0,"") -> 0 | W38: =IF(W25=W24,0,"") -> 0 | X38: =IF(X25=X24,0,"") -> 0 | Y38: =IF(Y25=Y24,0,"") -> 0 | Z38: =IF(Z25=Z24,0,"") -> 0 | AA38: =[1]建筑配置!L164 -> 6 | AB38: =IF(AB25=AB24,0,"") -> 0 | AC38: =SUM([1]建筑配置!AG233:AP233) -> 70 | AD38: =IF(AD25=AD24,0,"") -> 0 | AE38: 0 | AF38: 0 | AG38: 0 | AH38: 0 | AI38: 0 | AJ38: 0 | AK38: 0 | AL38: 0 | AM38: =[1]建筑配置!L193 -> 12 | AN38: 0 | AO38: 0 | AP38: 0 | AQ38: 0 | AR38: 0 | AS38: 0 | AT38: 0 | AU38: 0 | AV38: =[1]建筑配置!L220 -> 14
A40: 升级总时间 | AW40: 建筑时间 | BC40: 科技时间 | BF40: 英雄时间
A41: 大本营 | B41: 部落城堡 | C41: 金矿 | D41: 圣水收集器 | E41: 储金罐 | F41: 圣水瓶 | G41: 暗黑石油钻井 | H41: 暗黑石油罐 | I41: 工房 | J41: 加农炮 | K41: 迫击炮 | L41: 弓箭塔 | M41: 防空火箭 | N41: 法师塔 | O41: 电磁塔 | P41: 城墙 | Q41: X弩 | R41: 地狱之塔 | S41: 隐身炸弹 | T41: 隐身弹簧 | U41: 巨型炸弹 | V41: 空中炸弹 | W41: 追踪式空中炸弹 | X41: 营地 | Y41: 训练营 | Z41: 黑暗训练营 | AA41: 试验室 | AB41: 法术工厂 | AC41: 野蛮人之王 | AD41: 弓箭女王 | AE41: 野蛮人科技 | AF41: 弓箭手科技 | AG41: 哥布林科技 | AH41: 巨人科技 | AI41: 炸弹人科技 | AJ41: 气球兵科技 | AK41: 巫师科技 | AL41: 天使科技 | AM41: 飞龙科技 | AN41: 魔王科技 | AO41: 闪电咒语科技 | AP41: 治疗咒语科技 | AQ41: 狂暴咒语科技 | AR41: 跳跃咒语科技 | AS41: 小飞龙科技 | AT41: 野猪骑士科技 | AU41: 瓦尔基里科技 | AV41: 石头人科技 | AW41: 金币 | AX41: 圣水 | AY41: 建筑时间（2排程） | AZ41: 建筑时间（3排程） | BA41: 建筑时间（4排程） | BB41: 建筑时间（5排程） | BC41: 圣水 | BD41: 黑水 | BE41: 科技时间 | BF41: 黑水
A42: =A29 -> 0 | B42: =B3*B29 -> 0 | C42: =C3*C29 -> 0.0041666667 | D42: =D3*D29 -> 0.0041666667 | E42: =E3*E29 -> 0.010416667 | F42: =F3*F29 -> 0.010416667 | G42: =G3*G29 -> 0 | H42: =H3*H29 -> 0 | I42: =I3*I29 -> 0 | ... AV42: =AV3*AV29 -> 0 | AW42: =SUMPRODUCT(((A$52:AV$52)="金币")*(A42:AV42)) -> 0.036805556 | AX42: =SUMPRODUCT(((A$52:AV$52)="圣水")*(A42:AV42)) -> 0.1125 | AY42: =SUM(AW42:AX42)/2 -> 0.074652778 | AZ42: =SUM(AW42:AX42)/3 -> 0.049768519 | BA42: =SUM(AW42:AX42)/4 -> 0.037326389 | BB42: =SUM(AW42:AX42)/5 -> 0.029861111 | BC42: =SUMPRODUCT(((A$52:AV$52)="圣水科技")*(A42:AV42)) -> 0 | BD42: =SUMPRODUCT(((A$52:AV$52)="黑水科技")*(A42:AV42)) -> 0 | BE42: =BC42+BD42 -> 0 | BF42: =SUMPRODUCT(((A$52:AV$52)="黑水英雄")*(A42:AV42)) -> 0
A43: =A30 -> 0.0034722222 | B43: =B3*B30+(B4-B3)*SUM(B29:B30) -> 0 | C43: =C3*C30+(C4-C3)*SUM(C29:C30) -> 0.10833333 | D43: =D3*D30+(D4-D3)*SUM(D29:D30) -> 0.10833333 | E43: =E3*E30+(E4-E3)*SUM(E29:E30) -> 0.0625 | F43: =F3*F30+(F4-F3)*SUM(F29:F30) -> 0.0625 | G43: =G3*G30+(G4-G3)*SUM(G29:G30) -> 0 | H43: =H3*H30+(H4-H3)*SUM(H29:H30) -> 0 | I43: =I3*I30+(I4-I3)*SUM(I29:I30) -> 0 | ... AD43: =AD3*AD30+(AD4-AD3)*SUM(AD29:AD30) -> 0 | AE43: =AE30 -> 0 | AF43: =AF30 -> 0 | AG43: =AG30 -> 0 | AH43: =AH30 -> 0 | AI43: =AI30 -> 0 | AJ43: =AJ30 -> 0 | AK43: =AK30 -> 0 | AL43: =AL30 -> 0 | ... AV43: =AV30 -> 0 | AW43: =SUMPRODUCT(((A$52:AV$52)="金币")*(A43:AV43)) -> 0.26805556 | AX43: =SUMPRODUCT(((A$52:AV$52)="圣水")*(A43:AV43)) -> 0.64027778 | AY43: =AY42+SUM(AW43:AX43)/2 -> 0.52881944 | AZ43: =AZ42+SUM(AW43:AX43)/3 -> 0.3525463 | BA43: =BA42+SUM(AW43:AX43)/4 -> 0.26440972 | BB43: =BB42+SUM(AW43:AX43)/5 -> 0.21152778 | BC43: =SUMPRODUCT(((A$52:AV$52)="圣水科技")*(A43:AV43)) -> 0 | BD43: =SUMPRODUCT(((A$52:AV$52)="黑水科技")*(A43:AV43)) -> 0 | BE43: =BE42+BD43+BC43 -> 0 | BF43: =SUMPRODUCT(((A$52:AV$52)="黑水英雄")*(A43:AV43))+BF42 -> 0
A44: =A31 -> 0.125 | B44: =B4*B31+(B5-B4)*SUM(B29:B31) -> 0 | C44: =C4*C31+(C5-C4)*SUM(C29:C31) -> 1.05625 | D44: =D4*D31+(D5-D4)*SUM(D29:D31) -> 1.05625 | E44: =E4*E31+(E5-E4)*SUM(E29:E31) -> 0.82291667 | F44: =F4*F31+(F5-F4)*SUM(F29:F31) -> 0.82291667 | G44: =G4*G31+(G5-G4)*SUM(G29:G31) -> 0 | H44: =H4*H31+(H5-H4)*SUM(H29:H31) -> 0 | I44: =I4*I31+(I5-I4)*SUM(I29:I31) -> 0 | ... AD44: =AD4*AD31+(AD5-AD4)*SUM(AD29:AD31) -> 0 | AE44: =AE31 -> 0.25 | AF44: =AF31 -> 0.5 | AG44: =AG31 -> 0.5 | AH44: =AH31 -> 0 | AI44: =AI31 -> 0 | AJ44: =AJ31 -> 0 | AK44: =AK31 -> 0 | AL44: =AL31 -> 0 | ... AV44: =AV31 -> 0 | AW44: =SUMPRODUCT(((A$52:AV$52)="金币")*(A44:AV44)) -> 2.5354167 | AX44: =SUMPRODUCT(((A$52:AV$52)="圣水")*(A44:AV44)) -> 3.0284722 | AY44: =AY43+SUM(AW44:AX44)/2 -> 3.3107639 | AZ44: =AZ43+SUM(AW44:AX44)/3 -> 2.2071759 | BA44: =BA43+SUM(AW44:AX44)/4 -> 1.6553819 | BB44: =BB43+SUM(AW44:AX44)/5 -> 1.3243056 | BC44: =SUMPRODUCT(((A$52:AV$52)="圣水科技")*(A44:AV44)) -> 2.25 | BD44: =SUMPRODUCT(((A$52:AV$52)="黑水科技")*(A44:AV44)) -> 0 | BE44: =BE43+BD44+BC44 -> 2.25 | BF44: =SUMPRODUCT(((A$52:AV$52)="黑水英雄")*(A44:AV44))+BF43 -> 0
A45: =A32 -> 1 | B45: =B5*B32+(B6-B5)*SUM(B29:B32) -> 0.0034722222 | C45: =C5*C32+(C6-C5)*SUM(C29:C32) -> 6.3895833 | D45: =D5*D32+(D6-D5)*SUM(D29:D32) -> 6.3895833 | E45: =E5*E32+(E6-E5)*SUM(E29:E32) -> 1.1666667 | F45: =F5*F32+(F6-F5)*SUM(F29:F32) -> 1.1666667 | G45: =G5*G32+(G6-G5)*SUM(G29:G32) -> 0 | H45: =H5*H32+(H6-H5)*SUM(H29:H32) -> 0 | I45: =I5*I32+(I6-I5)*SUM(I29:I32) -> 0 | ... AD45: =AD5*AD32+(AD6-AD5)*SUM(AD29:AD32) -> 0 | AE45: =AE32 -> 0 | AF45: =AF32 -> 0 | AG45: =AG32 -> 0 | AH45: =AH32 -> 1 | AI45: =AI32 -> 1 | AJ45: =AJ32 -> 1 | AK45: =AK32 -> 0 | AL45: =AL32 -> 0 | ... AV45: =AV32 -> 0 | AW45: =SUMPRODUCT(((A$52:AV$52)="金币")*(A45:AV45)) -> 11.163889 | AX45: =SUMPRODUCT(((A$52:AV$52)="圣水")*(A45:AV45)) -> 11.109028 | AY45: =AY44+SUM(AW45:AX45)/2 -> 14.447222 | AZ45: =AZ44+SUM(AW45:AX45)/3 -> 9.6314815 | BA45: =BA44+SUM(AW45:AX45)/4 -> 7.2236111 | BB45: =BB44+SUM(AW45:AX45)/5 -> 5.7788889 | BC45: =SUMPRODUCT(((A$52:AV$52)="圣水科技")*(A45:AV45)) -> 6 | BD45: =SUMPRODUCT(((A$52:AV$52)="黑水科技")*(A45:AV45)) -> 0 | BE45: =BE44+BD45+BC45 -> 8.25 | BF45: =SUMPRODUCT(((A$52:AV$52)="黑水英雄")*(A45:AV45))+BF44 -> 0
A46: =A33 -> 2 | B46: =B6*B33+(B7-B6)*SUM(B29:B33) -> 0 | C46: =C6*C33+(C7-C6)*SUM(C29:C33) -> 26.889583 | D46: =D6*D33+(D7-D6)*SUM(D29:D33) -> 26.889583 | E46: =E6*E33+(E7-E6)*SUM(E29:E33) -> 1 | F46: =F6*F33+(F7-F6)*SUM(F29:F33) -> 1 | G46: =G6*G33+(G7-G6)*SUM(G29:G33) -> 0 | H46: =H6*H33+(H7-H6)*SUM(H29:H33) -> 0 | I46: =I6*I33+(I7-I6)*SUM(I29:I33) -> 0 | ... AD46: =AD6*AD33+(AD7-AD6)*SUM(AD29:AD33) -> 0 | AE46: =AE33 -> 1 | AF46: =AF33 -> 2 | AG46: =AG33 -> 2 | AH46: =AH33 -> 0 | AI46: =AI33 -> 0 | AJ46: =AJ33 -> 0 | AK46: =AK33 -> 1 | AL46: =AL33 -> 0 | ... AV46: =AV33 -> 0 | AW46: =SUMPRODUCT(((A$52:AV$52)="金币")*(A46:AV46)) -> 41.994444 | AX46: =SUMPRODUCT(((A$52:AV$52)="圣水")*(A46:AV46)) -> 35.893056 | AY46: =AY45+SUM(AW46:AX46)/2 -> 53.390972 | AZ46: =AZ45+SUM(AW46:AX46)/3 -> 35.593981 | BA46: =BA45+SUM(AW46:AX46)/4 -> 26.695486 | BB46: =BB45+SUM(AW46:AX46)/5 -> 21.356389 | BC46: =SUMPRODUCT(((A$52:AV$52)="圣水科技")*(A46:AV46)) -> 11 | BD46: =SUMPRODUCT(((A$52:AV$52)="黑水科技")*(A46:AV46)) -> 0 | BE46: =BE45+BD46+BC46 -> 19.25 | BF46: =SUMPRODUCT(((A$52:AV$52)="黑水英雄")*(A46:AV46))+BF45 -> 0
A47: =A34 -> 4 | B47: =B7*B34+(B8-B7)*SUM(B29:B34) -> 1 | C47: =C7*C34+(C8-C7)*SUM(C29:C34) -> 30.889583 | D47: =D7*D34+(D8-D7)*SUM(D29:D34) -> 30.889583 | E47: =E7*E34+(E8-E7)*SUM(E29:E34) -> 2 | F47: =F7*F34+(F8-F7)*SUM(F29:F34) -> 2 | G47: =G7*G34+(G8-G7)*SUM(G29:G34) -> 0 | H47: =H7*H34+(H8-H7)*SUM(H29:H34) -> 0 | I47: =I7*I34+(I8-I7)*SUM(I29:I34) -> 0 | ... AD47: =AD7*AD34+(AD8-AD7)*SUM(AD29:AD34) -> 0 | AE47: =AE34 -> 0 | AF47: =AF34 -> 0 | AG47: =AG34 -> 0 | AH47: =AH34 -> 2 | AI47: =AI34 -> 2 | AJ47: =AJ34 -> 2 | AK47: =AK34 -> 2 | AL47: =AL34 -> 0 | ... AV47: =AV34 -> 0 | AW47: =SUMPRODUCT(((A$52:AV$52)="金币")*(A47:AV47)) -> 66.222917 | AX47: =SUMPRODUCT(((A$52:AV$52)="圣水")*(A47:AV47)) -> 50.889583 | AY47: =AY46+SUM(AW47:AX47)/2 -> 111.94722 | AZ47: =AZ46+SUM(AW47:AX47)/3 -> 74.631481 | BA47: =BA46+SUM(AW47:AX47)/4 -> 55.973611 | BB47: =BB46+SUM(AW47:AX47)/5 -> 44.778889 | BC47: =SUMPRODUCT(((A$52:AV$52)="圣水科技")*(A47:AV47)) -> 13 | BD47: =SUMPRODUCT(((A$52:AV$52)="黑水科技")*(A47:AV47)) -> 0 | BE47: =BE46+BD47+BC47 -> 32.25 | BF47: =SUMPRODUCT(((A$52:AV$52)="黑水英雄")*(A47:AV47))+BF46 -> 0
A48: =A35 -> 6 | B48: =B8*B35+(B9-B8)*SUM(B29:B35) -> 0 | C48: =C8*C35+(C9-C8)*SUM(C29:C35) -> 0 | D48: =D8*D35+(D9-D8)*SUM(D29:D35) -> 0 | E48: =E8*E35+(E9-E8)*SUM(E29:E35) -> 4 | F48: =F8*F35+(F9-F8)*SUM(F29:F35) -> 4 | G48: =G8*G35+(G9-G8)*SUM(G29:G35) -> 0 | H48: =H8*H35+(H9-H8)*SUM(H29:H35) -> 3 | I48: =I8*I35+(I9-I8)*SUM(I29:I35) -> 0 | ... AD48: =AD8*AD35+(AD9-AD8)*SUM(AD29:AD35) -> 0 | AE48: =AE35 -> 3 | AF48: =AF35 -> 3 | AG48: =AG35 -> 3 | AH48: =AH35 -> 3 | AI48: =AI35 -> 3 | AJ48: =AJ35 -> 3 | AK48: =AK35 -> 3 | AL48: =AL35 -> 3 | ... AV48: =AV35 -> 0 | AW48: =SUMPRODUCT(((A$52:AV$52)="金币")*(A48:AV48)) -> 116.52222 | AX48: =SUMPRODUCT(((A$52:AV$52)="圣水")*(A48:AV48)) -> 62.847917 | AY48: =AY47+SUM(AW48:AX48)/2 -> 201.63229 | AZ48: =AZ47+SUM(AW48:AX48)/3 -> 134.42153 | BA48: =BA47+SUM(AW48:AX48)/4 -> 100.81615 | BB48: =BB47+SUM(AW48:AX48)/5 -> 80.652917 | BC48: =SUMPRODUCT(((A$52:AV$52)="圣水科技")*(A48:AV48)) -> 39 | BD48: =SUMPRODUCT(((A$52:AV$52)="黑水科技")*(A48:AV48)) -> 13 | BE48: =BE47+BD48+BC48 -> 84.25 | BF48: =SUMPRODUCT(((A$52:AV$52)="黑水英雄")*(A48:AV48))+BF47 -> 5
A49: =A36 -> 8 | B49: =B9*B36+(B10-B9)*SUM(B29:B36) -> 2 | C49: =C9*C36+(C10-C9)*SUM(C29:C36) -> 0 | D49: =D9*D36+(D10-D9)*SUM(D29:D36) -> 0 | E49: =E9*E36+(E10-E9)*SUM(E29:E36) -> 4.53125 | F49: =F9*F36+(F10-F9)*SUM(F29:F36) -> 4.53125 | G49: =G9*G36+(G10-G9)*SUM(G29:G36) -> 6 | H49: =H9*H36+(H10-H9)*SUM(H29:H36) -> 7 | I49: =I9*I36+(I10-I9)*SUM(I29:I36) -> 0 | ... AD49: =AD9*AD36+(AD10-AD9)*SUM(AD29:AD36) -> 0 | AE49: =AE36 -> 5 | AF49: =AF36 -> 5 | AG49: =AG36 -> 5 | AH49: =AH36 -> 5 | AI49: =AI36 -> 5 | AJ49: =AJ36 -> 5 | AK49: =AK36 -> 5 | AL49: =AL36 -> 5 | ... AV49: =AV36 -> 10 | AW49: =SUMPRODUCT(((A$52:AV$52)="金币")*(A49:AV49)) -> 331.96875 | AX49: =SUMPRODUCT(((A$52:AV$52)="圣水")*(A49:AV49)) -> 71.53125 | AY49: =AY48+SUM(AW49:AX49)/2 -> 403.38229 | AZ49: =AZ48+SUM(AW49:AX49)/3 -> 268.92153 | BA49: =BA48+SUM(AW49:AX49)/4 -> 201.69115 | BB49: =BB48+SUM(AW49:AX49)/5 -> 161.35292 | BC49: =SUMPRODUCT(((A$52:AV$52)="圣水科技")*(A49:AV49)) -> 88 | BD49: =SUMPRODUCT(((A$52:AV$52)="黑水科技")*(A49:AV49)) -> 55 | BE49: =BE48+BD49+BC49 -> 227.25 | BF49: =SUMPRODUCT(((A$52:AV$52)="黑水英雄")*(A49:AV49))+BF48 -> 22.5
A50: =A37 -> 10 | B50: =B10*B37+(B11-B10)*SUM(B29:B37) -> 7 | C50: =C10*C37+(C11-C10)*SUM(C29:C37) -> 0 | D50: =D10*D37+(D11-D10)*SUM(D29:D37) -> 0 | E50: =E10*E37+(E11-E10)*SUM(E29:E37) -> 0 | F50: =F10*F37+(F11-F10)*SUM(F29:F37) -> 0 | G50: =G10*G37+(G11-G10)*SUM(G29:G37) -> 42 | H50: =H10*H37+(H11-H10)*SUM(H29:H37) -> 11 | I50: =I10*I37+(I11-I10)*SUM(I29:I37) -> 0 | ... AD50: =AD10*AD37+(AD11-AD10)*SUM(AD29:AD37) -> 227.5 | AE50: =AE37 -> 10 | AF50: =AF37 -> 14 | AG50: =AG37 -> 0 | AH50: =AH37 -> 10 | AI50: =AI37 -> 0 | AJ50: =AJ37 -> 10 | AK50: =AK37 -> 0 | AL50: =AL37 -> 7 | ... AV50: =AV37 -> 26 | AW50: =SUMPRODUCT(((A$52:AV$52)="金币")*(A50:AV50)) -> 462.4375 | AX50: =SUMPRODUCT(((A$52:AV$52)="圣水")*(A50:AV50)) -> 5 | AY50: =AY49+SUM(AW50:AX50)/2 -> 637.10104 | AZ50: =AZ49+SUM(AW50:AX50)/3 -> 424.73403 | BA50: =BA49+SUM(AW50:AX50)/4 -> 318.55052 | BB50: =BB49+SUM(AW50:AX50)/5 -> 254.84042 | BC50: =SUMPRODUCT(((A$52:AV$52)="圣水科技")*(A50:AV50)) -> 56 | BD50: =SUMPRODUCT(((A$52:AV$52)="黑水科技")*(A50:AV50)) -> 76 | BE50: =BE49+BD50+BC50 -> 359.25 | BF50: =SUMPRODUCT(((A$52:AV$52)="黑水英雄")*(A50:AV50))+BF49 -> 385
A51: =A38 -> 14 | B51: =B11*B38+(B12-B11)*SUM(B29:B38) -> 0 | C51: =C11*C38+(C12-C11)*SUM(C29:C38) -> 0 | D51: =D11*D38+(D12-D11)*SUM(D29:D38) -> 0 | E51: =E11*E38+(E12-E11)*SUM(E29:E38) -> 0 | F51: =F11*F38+(F12-F11)*SUM(F29:F38) -> 0 | G51: =G11*G38+(G12-G11)*SUM(G29:G38) -> 24 | H51: =H11*H38+(H12-H11)*SUM(H29:H38) -> 0 | I51: =I11*I38+(I12-I11)*SUM(I29:I38) -> 0 | ... AD51: =AD11*AD38+(AD12-AD11)*SUM(AD29:AD38) -> 0 | AE51: =AE38 -> 0 | AF51: =AF38 -> 0 | AG51: =AG38 -> 0 | AH51: =AH38 -> 0 | AI51: =AI38 -> 0 | AJ51: =AJ38 -> 0 | AK51: =AK38 -> 0 | AL51: =AL38 -> 0 | ... AV51: =AV38 -> 14 | AW51: =SUMPRODUCT(((A$52:AV$52)="金币")*(A51:AV51)) -> 173.60486 | AX51: =SUMPRODUCT(((A$52:AV$52)="圣水")*(A51:AV51)) -> 6 | AY51: =AY50+SUM(AW51:AX51)/2 -> 726.90347 | AZ51: =AZ50+SUM(AW51:AX51)/3 -> 484.60231 | BA51: =BA50+SUM(AW51:AX51)/4 -> 363.45174 | BB51: =BB50+SUM(AW51:AX51)/5 -> 290.76139 | BC51: =SUMPRODUCT(((A$52:AV$52)="圣水科技")*(A51:AV51)) -> 12 | BD51: =SUMPRODUCT(((A$52:AV$52)="黑水科技")*(A51:AV51)) -> 14 | BE51: =BE50+BD51+BC51 -> 385.25 | BF51: =SUMPRODUCT(((A$52:AV$52)="黑水英雄")*(A51:AV51))+BF50 -> 455
A52: 金币 | B52: 金币 | C52: 圣水 | D52: 金币 | E52: 圣水 | F52: 金币 | G52: 金币 | H52: 金币 | I52: 宝石 | J52: 金币 | K52: 金币 | L52: 金币 | M52: 金币 | N52: 金币 | O52: 金币 | P52: 金币 | Q52: 金币 | R52: 金币 | S52: 金币 | T52: 金币 | U52: 金币 | V52: 金币 | W52: 黑水 | X52: 圣水 | Y52: 圣水 | Z52: 圣水 | AA52: 圣水 | AB52: 圣水 | AC52: 黑水英雄 | AD52: 黑水英雄 | AE52: 圣水科技 | AF52: 圣水科技 | AG52: 圣水科技 | AH52: 圣水科技 | AI52: 圣水科技 | AJ52: 圣水科技 | AK52: 圣水科技 | AL52: 圣水科技 | AM52: 圣水科技 | AN52: 圣水科技 | AO52: 圣水科技 | AP52: 圣水科技 | AQ52: 圣水科技 | AR52: 圣水科技 | AS52: 黑水科技 | AT52: 黑水科技 | AU52: 黑水科技 | AV52: 黑水科技
A54: 单建筑升级消耗 | AW54: 金币消耗 | AX54: 圣水消耗 | BA54: 黑水消耗 | BD54: 生产资源（2排程）
A55: 大本营 | B55: 部落城堡 | C55: 金矿 | D55: 圣水收集器 | E55: 储金罐 | F55: 圣水瓶 | G55: 暗黑石油钻井 | H55: 暗黑石油罐 | I55: 工房 | J55: 加农炮 | K55: 迫击炮 | L55: 弓箭塔 | M55: 防空火箭 | N55: 法师塔 | O55: 电磁塔 | P55: 城墙 | Q55: X弩 | R55: 地狱之塔 | S55: 隐身炸弹 | T55: 隐身弹簧 | U55: 巨型炸弹 | V55: 空中炸弹 | W55: 追踪式空中炸弹 | X55: 营地 | Y55: 训练营 | Z55: 黑暗训练营 | AA55: 试验室 | AB55: 法术工厂 | AC55: 野蛮人之王 | AD55: 弓箭女王 | AE55: 野蛮人科技 | AF55: 弓箭手科技 | AG55: 哥布林科技 | AH55: 巨人科技 | AI55: 炸弹人科技 | AJ55: 气球兵科技 | AK55: 巫师科技 | AL55: 天使科技 | AM55: 飞龙科技 | AN55: 魔王科技 | AO55: 闪电咒语科技 | AP55: 治疗咒语科技 | AQ55: 狂暴咒语科技 | AR55: 跳跃咒语科技 | AS55: 小飞龙科技 | AT55: 野猪骑士科技 | AU55: 瓦尔基里科技 | AV55: 石头人科技 | AW55: 建筑金币 | AX55: 建筑消耗 | AY55: 科技消耗 | AZ55: 总消耗 | BA55: 科技消耗 | BB55: 英雄消耗 | BC55: 总消耗 | BD55: 金币 | BE55: 圣水 | BF55: 黑水
A56: 0 | B56: =IF(B3=0,0,"") -> 0 | C56: =[1]建筑配置!C18+[1]建筑配置!D18 -> 450 | D56: =[1]建筑配置!C27+[1]建筑配置!D27 -> 450 | E56: =[1]建筑配置!C36 -> 300 | F56: =[1]建筑配置!C44 -> 300 | G56: =IF(G3=0,0,"") -> 0 | H56: =IF(H3=0,0,"") -> 0 | I56: 0 | J56: =[1]建筑配置!C69+[1]建筑配置!D69 -> 1250 | K56: =IF(K3=0,0,"") -> 0 | L56: =IF(L3=0,0,"") -> 0 | M56: =IF(M3=0,0,"") -> 0 | N56: =IF(N3=0,0,"") -> 0 | O56: =IF(O3=0,0,"") -> 0 | P56: =IF(P3=0,0,"") -> 0 | Q56: =IF(Q3=0,0,"") -> 0 | R56: =IF(R3=0,0,"") -> 0 | S56: 0 | T56: 0 | U56: 0 | V56: 0 | W56: 0 | X56: =[1]建筑配置!C141 -> 250 | Y56: =[1]建筑配置!C149+[1]建筑配置!D149+[1]建筑配置!E149 -> 3700 | Z56: =IF(Z3=0,0,"") -> 0 | AA56: =IF(AA3=0,0,"") -> 0 | AB56: =IF(AB3=0,0,"") -> 0 | AC56: =IF(AC3=0,0,"") -> 0 | AD56: =IF(AD3=0,0,"") -> 0 | AE56: 0 | AF56: 0 | AG56: 0 | AH56: 0 | AI56: 0 | AJ56: 0 | AK56: 0 | AL56: 0 | AM56: 0 | AN56: 0 | AO56: 0 | AP56: 0 | AQ56: 0 | AR56: 0 | AS56: 0 | AT56: 0 | AU56: 0 | AV56: 0 | AW56: =SUMPRODUCT(((A$52:AV$52)="金币")*(A56:AV56)) -> 2000 | AX56: =SUMPRODUCT(((A$52:AV$52)="圣水")*(A56:AV56)) -> 4700 | AY56: =SUMPRODUCT(((A$52:AV$52)="圣水科技")*(A56:AV56)) -> 0 | AZ56: =AY56+AX56 -> 4700 | BA56: =SUMPRODUCT(((A$52:AV$52)="黑水科技")*(A56:AV56)) -> 0 | BB56: =SUMPRODUCT(((A$52:AV$52)="黑水英雄")*(A56:AV56)) -> 0 | BC56: =BB56+BA56 -> 0 | BD56: =AY42*[1]资源效率!E3*24 -> 716.66667 | BE56: =BD56 -> 716.66667 | BG56: =BD56/AW56 -> 0.35833333 | BH56: =BE56/AZ56 -> 0.15248227
A57: =[1]建筑配置!D4 -> 1000 | B57: =IF(B4=0,0,"") -> 0 | C57: =[1]建筑配置!E18+[1]建筑配置!F18 -> 2100 | D57: =[1]建筑配置!E27+[1]建筑配置!F27 -> 2100 | E57: =[1]建筑配置!D36+[1]建筑配置!E36 -> 2250 | F57: =[1]建筑配置!D44+[1]建筑配置!E44 -> 2250 | G57: =IF(G4=0,0,"") -> 0 | H57: =IF(H4=0,0,"") -> 0 | I57: 0 | J57: =[1]建筑配置!E69 -> 4000 | K57: =IF(K4=0,0,"") -> 0 | L57: =[1]建筑配置!C85+[1]建筑配置!D85 -> 3000 | M57: =IF(M4=0,0,"") -> 0 | N57: =IF(N4=0,0,"") -> 0 | O57: =IF(O4=0,0,"") -> 0 | P57: =[1]建筑配置!C117+[1]建筑配置!D117 -> 1200 | Q57: =IF(Q4=0,0,"") -> 0 | R57: =IF(R4=0,0,"") -> 0 | S57: 0 | T57: 0 | U57: 0 | V57: 0 | W57: 0 | X57: =[1]建筑配置!D141 -> 2500 | Y57: =[1]建筑配置!F149 -> 5000 | Z57: =IF(Z4=0,0,"") -> 0 | AA57: =IF(AA4=0,0,"") -> 0 | AB57: =IF(AB4=0,0,"") -> 0 | AC57: =IF(AC4=0,0,"") -> 0 | AD57: =IF(AD4=0,0,"") -> 0 | AE57: 0 | AF57: 0 | AG57: 0 | AH57: 0 | AI57: 0 | AJ57: 0 | AK57: 0 | AL57: 0 | AM57: 0 | AN57: 0 | AO57: 0 | AP57: 0 | AQ57: 0 | AR57: 0 | AS57: 0 | AT57: 0 | AU57: 0 | AV57: 0 | AW57: =SUMPRODUCT(((A$52:AV$52)="金币")*(A57:AV57)) -> 13550 | AX57: =SUMPRODUCT(((A$52:AV$52)="圣水")*(A57:AV57)) -> 11850 | AY57: =SUMPRODUCT(((A$52:AV$52)="圣水科技")*(A57:AV57)) -> 0 | AZ57: =AY57+AX57 -> 11850 | BA57: =SUMPRODUCT(((A$52:AV$52)="黑水科技")*(A57:AV57)) -> 0 | BB57: =SUMPRODUCT(((A$52:AV$52)="黑水英雄")*(A57:AV57)) -> 0 | BC57: =BB57+BA57 -> 0 | BD57: =(AY43-AY42)*[1]资源效率!E4*24 -> 17440 | BE57: =BD57 -> 17440 | BG57: =BD57/AW57 -> 1.2870849 | BH57: =BE57/AZ57 -> 1.47173
A58: =[1]建筑配置!E4 -> 4000 | B58: =[1]建筑配置!C11 -> 40000 | C58: =[1]建筑配置!G18+[1]建筑配置!H18 -> 10000 | D58: =[1]建筑配置!G27+[1]建筑配置!H27 -> 10000 | E58: =[1]建筑配置!F36+[1]建筑配置!G36+[1]建筑配置!H36 -> 21000 | F58: =[1]建筑配置!F44+[1]建筑配置!G44+[1]建筑配置!H44 -> 21000 | G58: =IF(G5=0,0,"") -> 0 | H58: =IF(H5=0,0,"") -> 0 | I58: 0 | J58: =[1]建筑配置!F69 -> 16000 | K58: =[1]建筑配置!C77 -> 8000 | L58: =[1]建筑配置!E85 -> 5000 | M58: =IF(M5=0,0,"") -> 0 | N58: =IF(N5=0,0,"") -> 0 | O58: =IF(O5=0,0,"") -> 0 | P58: =[1]建筑配置!E117 -> 5000 | Q58: =IF(Q5=0,0,"") -> 0 | R58: =IF(R5=0,0,"") -> 0 | S58: 0 | T58: 0 | U58: 0 | V58: 0 | W58: 0 | X58: =[1]建筑配置!E141 -> 10000 | Y58: =[1]建筑配置!G149 -> 10000 | Z58: =IF(Z5=0,0,"") -> 0 | AA58: =[1]建筑配置!C165 -> 25000 | AB58: =IF(AB5=0,0,"") -> 0 | AC58: =IF(AC5=0,0,"") -> 0 | AD58: =IF(AD5=0,0,"") -> 0 | AE58: =[1]建筑配置!C170 -> 50000 | AF58: =[1]建筑配置!C173 -> 50000 | AG58: =[1]建筑配置!C176 -> 50000 | AH58: 0 | AI58: 0 | AJ58: 0 | AK58: 0 | AL58: 0 | AM58: 0 | AN58: 0 | AO58: =[1]建筑配置!C200 -> 200000 | AP58: 0 | AQ58: 0 | AR58: 0 | AS58: 0 | AT58: 0 | AU58: 0 | AV58: 0 | AW58: =SUMPRODUCT(((A$52:AV$52)="金币")*(A58:AV58)) -> 109000 | AX58: =SUMPRODUCT(((A$52:AV$52)="圣水")*(A58:AV58)) -> 76000 | AY58: =SUMPRODUCT(((A$52:AV$52)="圣水科技")*(A58:AV58)) -> 350000 | AZ58: =AY58+AX58 -> 426000 | BA58: =SUMPRODUCT(((A$52:AV$52)="黑水科技")*(A58:AV58)) -> 0 | BB58: =SUMPRODUCT(((A$52:AV$52)="黑水英雄")*(A58:AV58)) -> 0 | BC58: =BB58+BA58 -> 0 | BD58: =(AY44-AY43)*[1]资源效率!E5*24 -> 260390 | BE58: =BD58 -> 260390 | BG58: =BD58/AW58 -> 2.3888991 | BH58: =BE58/AZ58 -> 0.61124413
A59: =[1]建筑配置!F4 -> 25000 | B59: =[1]建筑配置!D11 -> 100000 | C59: =[1]建筑配置!I18+[1]建筑配置!J18 -> 42000 | D59: =[1]建筑配置!I27+[1]建筑配置!J27 -> 42000 | E59: =[1]建筑配置!I36+[1]建筑配置!J36 -> 75000 | F59: =[1]建筑配置!I44+[1]建筑配置!J44 -> 75000 | G59: =IF(G6=0,0,"") -> 0 | H59: =IF(H6=0,0,"") -> 0 | I59: 0 | J59: =[1]建筑配置!G69 -> 50000 | K59: =[1]建筑配置!D77 -> 32000 | L59: =[1]建筑配置!F85 -> 20000 | M59: =[1]建筑配置!C93+[1]建筑配置!D93 -> 112500 | N59: =IF(N6=0,0,"") -> 0 | O59: =IF(O6=0,0,"") -> 0 | P59: =[1]建筑配置!F117 -> 10000 | Q59: =IF(Q6=0,0,"") -> 0 | R59: =IF(R6=0,0,"") -> 0 | S59: 0 | T59: 0 | U59: 0 | V59: 0 | W59: 0 | X59: =[1]建筑配置!F141 -> 100000 | Y59: =[1]建筑配置!H149 -> 80000 | Z59: =IF(Z6=0,0,"") -> 0 | AA59: =[1]建筑配置!D165 -> 50000 | AB59: =IF(AB6=0,0,"") -> 0 | AC59: =IF(AC6=0,0,"") -> 0 | AD59: =IF(AD6=0,0,"") -> 0 | AE59: 0 | AF59: 0 | AG59: 0 | AH59: =[1]建筑配置!D179 -> 100000 | AI59: =[1]建筑配置!D182 -> 100000 | AJ59: =[1]建筑配置!D185 -> 150000 | AK59: 0 | AL59: 0 | AM59: 0 | AN59: 0 | AO59: =[1]建筑配置!D200 -> 500000 | AP59: =[1]建筑配置!D203 -> 300000 | AQ59: 0 | AR59: 0 | AS59: 0 | AT59: 0 | AU59: 0 | AV59: 0 | AW59: =SUMPRODUCT(((A$52:AV$52)="金币")*(A59:AV59)) -> 466500 | AX59: =SUMPRODUCT(((A$52:AV$52)="圣水")*(A59:AV59)) -> 347000 | AY59: =SUMPRODUCT(((A$52:AV$52)="圣水科技")*(A59:AV59)) -> 1150000 | AZ59: =AY59+AX59 -> 1497000 | BA59: =SUMPRODUCT(((A$52:AV$52)="黑水科技")*(A59:AV59)) -> 0 | BB59: =SUMPRODUCT(((A$52:AV$52)="黑水英雄")*(A59:AV59)) -> 0 | BC59: =BB59+BA59 -> 0 | BD59: =(AY45-AY44)*[1]资源效率!E6*24 -> 2031290 | BE59: =BD59 -> 2031290 | BG59: =BD59/AW59 -> 4.3543194 | BH59: =BE59/AZ59 -> 1.3569071
A60: =[1]建筑配置!G4 -> 150000 | B60: 0 | C60: =[1]建筑配置!K18+[1]建筑配置!L18 -> 140000 | D60: =[1]建筑配置!K27+[1]建筑配置!L27 -> 140000 | E60: =[1]建筑配置!K36 -> 100000 | F60: =[1]建筑配置!K44 -> 100000 | G60: =IF(G7=0,0,"") -> 0 | H60: =IF(H7=0,0,"") -> 0 | I60: 0 | J60: =[1]建筑配置!H69 -> 100000 | K60: =[1]建筑配置!E77 -> 120000 | L60: =[1]建筑配置!G85+[1]建筑配置!H85 -> 260000 | M60: =[1]建筑配置!E93 -> 270000 | N60: =[1]建筑配置!C101+[1]建筑配置!D101 -> 540000 | O60: =IF(O7=0,0,"") -> 0 | P60: =[1]建筑配置!G117 -> 30000 | Q60: =IF(Q7=0,0,"") -> 0 | R60: =IF(R7=0,0,"") -> 0 | S60: 0 | T60: 0 | U60: 0 | V60: 0 | W60: 0 | X60: =[1]建筑配置!G141 -> 250000 | Y60: =[1]建筑配置!I149 -> 240000 | Z60: =IF(Z7=0,0,"") -> 0 | AA60: =[1]建筑配置!E165 -> 90000 | AB60: =[1]建筑配置!C226 -> 200000 | AC60: =IF(AC7=0,0,"") -> 0 | AD60: =IF(AD7=0,0,"") -> 0 | AE60: =[1]建筑配置!E170 -> 150000 | AF60: =[1]建筑配置!E173 -> 250000 | AG60: =[1]建筑配置!E176 -> 250000 | AH60: 0 | AI60: 0 | AJ60: 0 | AK60: =[1]建筑配置!E188 -> 150000 | AL60: 0 | AM60: 0 | AN60: 0 | AO60: =[1]建筑配置!E200 -> 1000000 | AP60: 0 | AQ60: =[1]建筑配置!E206 -> 450000 | AR60: 0 | AS60: 0 | AT60: 0 | AU60: 0 | AV60: 0 | AW60: =SUMPRODUCT(((A$52:AV$52)="金币")*(A60:AV60)) -> 1710000 | AX60: =SUMPRODUCT(((A$52:AV$52)="圣水")*(A60:AV60)) -> 1020000 | AY60: =SUMPRODUCT(((A$52:AV$52)="圣水科技")*(A60:AV60)) -> 2250000 | AZ60: =AY60+AX60 -> 3270000 | BA60: =SUMPRODUCT(((A$52:AV$52)="黑水科技")*(A60:AV60)) -> 0 | BB60: =SUMPRODUCT(((A$52:AV$52)="黑水英雄")*(A60:AV60)) -> 0 | BC60: =BB60+BA60 -> 0 | BD60: =(AY46-AY45)*[1]资源效率!E7*24 -> 11683125 | BE60: =BD60 -> 11683125 | BG60: =BD60/AW60 -> 6.8322368 | BH60: =BE60/AZ60 -> 3.5728211
A61: =[1]建筑配置!H4 -> 750000 | B61: =[1]建筑配置!E11 -> 800000 | C61: 0 | D61: 0 | E61: =[1]建筑配置!L36 -> 250000 | F61: =[1]建筑配置!L44 -> 250000 | G61: =IF(G8=0,0,"") -> 0 | H61: =IF(H8=0,0,"") -> 0 | I61: 0 | J61: =[1]建筑配置!I69 -> 200000 | K61: =[1]建筑配置!F77 -> 400000 | L61: =[1]建筑配置!I85 -> 360000 | M61: =[1]建筑配置!F93 -> 540000 | N61: =[1]建筑配置!E101 -> 720000 | O61: =IF(O8=0,0,"") -> 0 | P61: =[1]建筑配置!H117 -> 75000 | Q61: =IF(Q8=0,0,"") -> 0 | R61: =IF(R8=0,0,"") -> 0 | S61: 0 | T61: 0 | U61: 0 | V61: 0 | W61: 0 | X61: =[1]建筑配置!H141 -> 750000 | Y61: =[1]建筑配置!J149 -> 700000 | Z61: =IF(Z8=0,0,"") -> 0 | AA61: =[1]建筑配置!F165 -> 270000 | AB61: =[1]建筑配置!D226 -> 400000 | AC61: =IF(AC8=0,0,"") -> 0 | AD61: =IF(AD8=0,0,"") -> 0 | AE61: 0 | AF61: 0 | AG61: 0 | AH61: =[1]建筑配置!F179 -> 250000 | AI61: =[1]建筑配置!F182 -> 250000 | AJ61: =[1]建筑配置!F185 -> 450000 | AK61: =[1]建筑配置!F188 -> 450000 | AL61: 0 | AM61: 0 | AN61: 0 | AO61: 0 | AP61: =[1]建筑配置!F203 -> 600000 | AQ61: =[1]建筑配置!F206 -> 900000 | AR61: 0 | AS61: 0 | AT61: 0 | AU61: 0 | AV61: 0 | AW61: =SUMPRODUCT(((A$52:AV$52)="金币")*(A61:AV61)) -> 4095000 | AX61: =SUMPRODUCT(((A$52:AV$52)="圣水")*(A61:AV61)) -> 2370000 | AY61: =SUMPRODUCT(((A$52:AV$52)="圣水科技")*(A61:AV61)) -> 2900000 | AZ61: =AY61+AX61 -> 5270000 | BA61: =SUMPRODUCT(((A$52:AV$52)="黑水科技")*(A61:AV61)) -> 0 | BB61: =SUMPRODUCT(((A$52:AV$52)="黑水英雄")*(A61:AV61)) -> 0 | BC61: =BB61+BA61 -> 0 | BD61: =(AY47-AY46)*[1]资源效率!E8*24 -> 21080250 | BE61: =BD61 -> 21080250 | BG61: =BD61/AW61 -> 5.1478022 | BH61: =BE61/AZ61 -> 4.0000474
A62: =[1]建筑配置!I4 -> 1200000 | B62: 0 | C62: =[1]建筑配置!M18 -> 168000 | D62: =[1]建筑配置!M27 -> 168000 | E62: =[1]建筑配置!M36 -> 500000 | F62: =[1]建筑配置!M44 -> 500000 | G62: =IF(G9=0,0,"") -> 0 | H62: =[1]建筑配置!C61+[1]建筑配置!D61 -> 1950000 | I62: 0 | J62: =[1]建筑配置!J69 -> 400000 | K62: =[1]建筑配置!G77 -> 800000 | L62: =[1]建筑配置!J85 -> 720000 | M62: =[1]建筑配置!G93 -> 1080000 | N62: =[1]建筑配置!F101 -> 1280000 | O62: =[1]建筑配置!C109+[1]建筑配置!D109+[1]建筑配置!E109 -> 3750000 | P62: =[1]建筑配置!I117 -> 200000 | Q62: =IF(Q9=0,0,"") -> 0 | R62: =IF(R9=0,0,"") -> 0 | S62: 0 | T62: 0 | U62: 0 | V62: 0 | W62: 0 | X62: =[1]建筑配置!I141 -> 2250000 | Y62: =[1]建筑配置!K149 -> 1500000 | Z62: =[1]建筑配置!C157+[1]建筑配置!D157 -> 2250000 | AA62: =[1]建筑配置!G165 -> 500000 | AB62: =[1]建筑配置!E226 -> 800000 | AC62: =[1]建筑配置!C234+[1]建筑配置!D234+[1]建筑配置!E234+[1]建筑配置!F234+[1]建筑配置!G234 -> 75000 | AD62: =IF(AD9=0,0,"") -> 0 | AE62: =[1]建筑配置!G170 -> 500000 | AF62: =[1]建筑配置!G173 -> 750000 | AG62: =[1]建筑配置!G176 -> 750000 | AH62: =[1]建筑配置!G179 -> 750000 | AI62: =[1]建筑配置!G182 -> 750000 | AJ62: =[1]建筑配置!G185 -> 1350000 | AK62: =[1]建筑配置!G188 -> 1350000 | AL62: =[1]建筑配置!G191 -> 750000 | AM62: =[1]建筑配置!G194 -> 2000000 | AN62: 0 | AO62: 0 | AP62: =[1]建筑配置!G203 -> 1200000 | AQ62: =[1]建筑配置!G206 -> 1800000 | AR62: 0 | AS62: =[1]建筑配置!G212 -> 10000 | AT62: =[1]建筑配置!G215 -> 20000 | AU62: 0 | AV62: 0 | AW62: =SUMPRODUCT(((A$52:AV$52)="金币")*(A62:AV62)) -> 12048000 | AX62: =SUMPRODUCT(((A$52:AV$52)="圣水")*(A62:AV62)) -> 7968000 | AY62: =SUMPRODUCT(((A$52:AV$52)="圣水科技")*(A62:AV62)) -> 11950000 | AZ62: =AY62+AX62 -> 19918000 | BA62: =SUMPRODUCT(((A$52:AV$52)="黑水科技")*(A62:AV62)) -> 30000 | BB62: =SUMPRODUCT(((A$52:AV$52)="黑水英雄")*(A62:AV62)) -> 75000 | BC62: =BB62+BA62 -> 105000 | BD62: =(AY48-AY47)*[1]资源效率!E9*24 -> 38743950 | BE62: =BD62 -> 38743950 | BG62: =BD62/AW62 -> 3.2157993 | BH62: =BE62/AZ62 -> 1.9451727
A63: =[1]建筑配置!J4 -> 2000000 | B63: =[1]建筑配置!F11 -> 1800000 | C63: 0 | D63: 0 | E63: 0 | F63: 0 | G63: =[1]建筑配置!C52+[1]建筑配置!D52+[1]建筑配置!E52 -> 4500000 | H63: =[1]建筑配置!E61+[1]建筑配置!F61 -> 4200000 | I63: 0 | J63: =[1]建筑配置!K69+[1]建筑配置!L69 -> 2400000 | K63: =[1]建筑配置!H77 -> 1600000 | L63: =[1]建筑配置!K85+[1]建筑配置!L85 -> 4000000 | M63: =[1]建筑配置!H93 -> 2160000 | N63: =[1]建筑配置!G101+[1]建筑配置!H101 -> 4640000 | O63: =[1]建筑配置!F109+[1]建筑配置!G109+[1]建筑配置!H109 -> 7500000 | P63: =[1]建筑配置!J117 -> 500000 | Q63: =IF(Q10=0,0,"") -> 0 | R63: =IF(R10=0,0,"") -> 0 | S63: 0 | T63: 0 | U63: 0 | V63: 0 | W63: 0 | X63: 0 | Y63: =[1]建筑配置!L149 -> 2000000 | Z63: =[1]建筑配置!E157+[1]建筑配置!F157 -> 7000000 | AA63: =[1]建筑配置!H165 -> 1000000 | AB63: =[1]建筑配置!F226 -> 1600000 | AC63: =[1]建筑配置!H234+[1]建筑配置!I234+[1]建筑配置!J234+[1]建筑配置!K234+[1]建筑配置!L234 -> 152500 | AD63: =IF(AD10=0,0,"") -> 0 | AE63: =[1]建筑配置!H170 -> 1500000 | AF63: =[1]建筑配置!H173 -> 2250000 | AG63: =[1]建筑配置!H176 -> 2250000 | AH63: =[1]建筑配置!H179 -> 2250000 | AI63: =[1]建筑配置!H182 -> 2250000 | AJ63: =[1]建筑配置!H185 -> 2500000 | AK63: =[1]建筑配置!H188 -> 2500000 | AL63: =[1]建筑配置!H191 -> 1500000 | AM63: =[1]建筑配置!H194 -> 3000000 | AN63: =[1]建筑配置!H197+[1]建筑配置!I197 -> 9000000 | AO63: =[1]建筑配置!H200 -> 2000000 | AP63: =[1]建筑配置!H203 -> 2400000 | AQ63: =[1]建筑配置!H206 -> 3000000 | AR63: 0 | AS63: =[1]建筑配置!H212+[1]建筑配置!I212 -> 50000 | AT63: =[1]建筑配置!H215+[1]建筑配置!I215 -> 70000 | AU63: =[1]建筑配置!H218 -> 50000 | AV63: =[1]建筑配置!H221 -> 60000 | AW63: =SUMPRODUCT(((A$52:AV$52)="金币")*(A63:AV63)) -> 35300000 | AX63: =SUMPRODUCT(((A$52:AV$52)="圣水")*(A63:AV63)) -> 11600000 | AY63: =SUMPRODUCT(((A$52:AV$52)="圣水科技")*(A63:AV63)) -> 36400000 | AZ63: =AY63+AX63 -> 48000000 | BA63: =SUMPRODUCT(((A$52:AV$52)="黑水科技")*(A63:AV63)) -> 230000 | BB63: =SUMPRODUCT(((A$52:AV$52)="黑水英雄")*(A63:AV63)) -> 152500 | BC63: =BB63+BA63 -> 382500 | BD63: =(AY49-AY48)*[1]资源效率!E10*24 -> 87156000 | BE63: =BD63 -> 87156000 | BG63: =BD63/AW63 -> 2.4690085 | BH63: =BE63/AZ63 -> 1.81575
A64: =[1]建筑配置!K4 -> 3000000 | B64: =[1]建筑配置!G11 -> 7000000 | C64: 0 | D64: 0 | E64: 0 | F64: 0 | G64: =[1]建筑配置!F52+[1]建筑配置!G52+[1]建筑配置!H52 -> 12000000 | H64: =[1]建筑配置!G61+[1]建筑配置!H61 -> 6600000 | I64: 0 | J64: =[1]建筑配置!M69 -> 3200000 | K64: =[1]建筑配置!I77 -> 3200000 | L64: =[1]建筑配置!M85 -> 5000000 | M64: =[1]建筑配置!I93 -> 4320000 | N64: =[1]建筑配置!I101 -> 5360000 | O64: =[1]建筑配置!I109 -> 3500000 | P64: =[1]建筑配置!K117+[1]建筑配置!L117 -> 4000000 | Q64: =[1]建筑配置!C123+[1]建筑配置!D123+[1]建筑配置!E123 -> 16000000 | R64: =IF(R11=0,0,"") -> 0 | S64: 0 | T64: 0 | U64: 0 | V64: 0 | W64: 0 | X64: 0 | Y64: 0 | Z64: 0 | AA64: =[1]建筑配置!J165 -> 2500000 | AB64: 0 | AC64: =SUM([1]建筑配置!M234:AF234) -> 1850000 | AD64: =SUM([1]建筑配置!C242:AP242) -> 4105000 | AE64: =[1]建筑配置!J170 -> 4500000 | AF64: =[1]建筑配置!J173 -> 7500000 | AG64: 0 | AH64: =[1]建筑配置!J179 -> 6000000 | AI64: 0 | AJ64: =[1]建筑配置!J185 -> 6000000 | AK64: 0 | AL64: =[1]建筑配置!J191 -> 3000000 | AM64: 0 | AN64: 0 | AO64: 0 | AP64: 0 | AQ64: 0 | AR64: =[1]建筑配置!J209 -> 4000000 | AS64: =[1]建筑配置!J212 -> 50000 | AT64: =[1]建筑配置!J215 -> 50000 | AU64: =[1]建筑配置!J218+[1]建筑配置!K218 -> 130000 | AV64: =[1]建筑配置!J221+[1]建筑配置!K221 -> 150000 | AW64: =SUMPRODUCT(((A$52:AV$52)="金币")*(A64:AV64)) -> 73180000 | AX64: =SUMPRODUCT(((A$52:AV$52)="圣水")*(A64:AV64)) -> 2500000 | AY64: =SUMPRODUCT(((A$52:AV$52)="圣水科技")*(A64:AV64)) -> 31000000 | AZ64: =AY64+AX64 -> 33500000 | BA64: =SUMPRODUCT(((A$52:AV$52)="黑水科技")*(A64:AV64)) -> 380000 | BB64: =SUMPRODUCT(((A$52:AV$52)="黑水英雄")*(A64:AV64)) -> 5955000 | BC64: =BB64+BA64 -> 6335000 | BD64: =(AY50-AY49)*[1]资源效率!E11*24 -> 100966500 | BE64: =BD64 -> 100966500 | BG64: =BD64/AW64 -> 1.3797007 | BH64: =BE64/AZ64 -> 3.0139254
A65: =[1]建筑配置!L4 -> 4000000 | B65: 0 | C65: 0 | D65: 0 | E65: 0 | F65: 0 | G65: 0 | H65: 0 | I65: 0 | J65: 0 | K65: 0 | L65: 0 | M65: =[1]建筑配置!J93 -> 7560000 | N65: 0 | O65: 0 | P65: 0 | Q65: =[1]建筑配置!F123 -> 8000000 | R65: =[1]建筑配置!C131+[1]建筑配置!D131 -> 13000000 | S65: 0 | T65: 0 | U65: 0 | V65: 0 | W65: 0 | X65: 0 | Y65: 0 | Z65: 0 | AA65: =[1]建筑配置!L165 -> 4000000 | AB65: 0 | AC65: =SUM([1]建筑配置!AG234:AP234) -> 1675000 | AD65: 0 | AE65: 0 | AF65: 0 | AG65: 0 | AH65: 0 | AI65: 0 | AJ65: 0 | AK65: 0 | AL65: 0 | AM65: =[1]建筑配置!L194 -> 8000000 | AN65: 0 | AO65: 0 | AP65: 0 | AQ65: 0 | AR65: 0 | AS65: 0 | AT65: 0 | AU65: 0 | AV65: =[1]建筑配置!L221 -> 90000 | AW65: =SUMPRODUCT(((A$52:AV$52)="金币")*(A65:AV65)) -> 32560000 | AX65: =SUMPRODUCT(((A$52:AV$52)="圣水")*(A65:AV65)) -> 4000000 | AY65: =SUMPRODUCT(((A$52:AV$52)="圣水科技")*(A65:AV65)) -> 8000000 | AZ65: =AY65+AX65 -> 12000000 | BA65: =SUMPRODUCT(((A$52:AV$52)="黑水科技")*(A65:AV65)) -> 90000 | BB65: =SUMPRODUCT(((A$52:AV$52)="黑水英雄")*(A65:AV65)) -> 1675000 | BC65: =BB65+BA65 -> 1765000 | BD65: =(AY51-AY50)*[1]资源效率!E12*24 -> 38794650 | BE65: =BD65 -> 38794650 | BG65: =BD65/AW65 -> 1.1914819 | BH65: =BE65/AZ65 -> 3.2328875
