Workbook

Sheet 兵力属性
A1: Unit | B1: Ranged Damage | C1: Melee Damage | D1: Defense | E1: Life | F1: Speed | G1: Range | H1: Load | I1: Upkeep | J1: Might | K1: Unit Training Time | M1: ruby/power
A2: Conscript | B2: 0 | C2: 10 | D2: 10 | E2: 75 | F2: 200 | G2: 0 | H2: 20 | I2: 3 | J2: 1 | K2: 26 | M2: =1/0.068 -> 14.705882
A3: Porter | B3: 0 | C3: 1 | D3: 10 | E3: 45 | F3: 100 | G3: 0 | H3: 200 | I3: 2 | J3: 1 | K3: 48
A4: Spy | B4: 0 | C4: 5 | D4: 5 | E4: 10 | F4: 3000 | G4: 0 | H4: 0 | I4: 5 | J4: 2 | K4: 103
A5: Halberdsman | B5: 0 | C5: 40 | D5: 40 | E5: 150 | F5: 300 | G5: 0 | H5: 40 | I5: 6 | J5: 2 | K5: 141
A6: Minotaur | B6: 0 | C6: 70 | D6: 45 | E6: 225 | F6: 275 | G6: 0 | H6: 30 | I6: 7 | J6: 3 | K6: 219
A7: Longbowman | B7: 80 | C7: 5 | D7: 30 | E7: 75 | F7: 250 | G7: 1200 | H7: 25 | I7: 9 | J7: 4 | K7: 343
A8: SwiftStrikeDragon | B8: 0 | C8: 150 | D8: 60 | E8: 300 | F8: 1000 | G8: 0 | H8: 100 | I8: 18 | J8: 5 | K8: 498
A9: BattleDragon | B9: 0 | C9: 300 | D9: 300 | E9: 1500 | F9: 750 | G9: 0 | H9: 80 | I9: 35 | J9: 7 | K9: 1492
A10: ArmoredTransport | B10: 0 | C10: 5 | D10: 200 | E10: 750 | F10: 150 | G10: 0 | H10: 5000 | I10: 10 | J10: 6 | K10: 975
A11: Giant | B11: 0 | C11: 1000 | D11: 400 | E11: 4000 | F11: 120 | G11: 0 | H11: 45 | I11: 100 | J11: 9 | K11: 4334
A12: FireMirror | B12: 1200 | C12: 20 | D12: 30 | E12: 1500 | F12: 50 | G12: 1500 | H12: 75 | I12: 250 | J12: 10 | K12: 5843
A13: BlackholeOne | B13: 0 | C13: 8000 | D13: 0 | E13: 1 | F13: 750 | G13: 0 | H13: 0 | I13: 0 | J13: 0
A14: Shredder | B14: 0 | C14: 150 | D14: 60 | E14: 300 | F14: 1000 | G14: 0 | H14: 100 | I14: 18 | J14: 5 | K14: 498
A15: Rager | B15: 1200 | C15: 20 | D15: 30 | E15: 1500 | F15: 50 | G15: 1500 | H15: 75 | I15: 250 | J15: 10 | K15: 5843
A16: Cannibal | B16: 0 | C16: 10 | D16: 10 | E16: 75 | F16: 200 | G16: 0 | H16: 20 | I16: 3 | J16: 1 | K16: 26
A17: Chieftan | B17: 0 | C17: 300 | D17: 300 | E17: 1500 | F17: 750 | G17: 0 | H17: 80 | I17: 35 | J17: 7 | K17: 1492
A18: Brat | B18: 0 | C18: 1 | D18: 10 | E18: 45 | F18: 100 | G18: 0 | H18: 200 | I18: 2 | J18: 1 | K18: 48
A19: SheDevil | B19: 0 | C19: 40 | D19: 40 | E19: 150 | F19: 300 | G19: 0 | H19: 40 | I19: 6 | J19: 2 | K19: 141
A20: Clubber | B20: 0 | C20: 70 | D20: 45 | E20: 225 | F20: 275 | G20: 0 | H20: 30 | I20: 7 | J20: 3 | K20: 219
A21: Blood | B21: 0 | C21: 1000 | D21: 400 | E21: 4000 | F21: 120 | G21: 0 | H21: 45 | I21: 100 | J21: 9 | K21: 4334
A22: Hurler | B22: 80 | C22: 5 | D22: 30 | E22: 75 | F22: 250 | G22: 1200 | H22: 25 | I22: 9 | J22: 4 | K22: 343
A23: Stench | B23: 0 | C23: 5 | D23: 5 | E23: 10 | F23: 3000 | G23: 0 | H23: 0 | I23: 5 | J23: 2 | K23: 103
A24: Fangtooth | B24: 800 | C24: 1600 | D24: 300 | E24: 3000 | F24: 500 | G24: 600 | H24: 45 | I24: 125 | J24: 10 | K24: 2000
A25: NightshadeDragonTroop | B25: 0 | C25: 2000 | D25: 500 | E25: 5000 | F25: 150 | G25: 0 | H25: 60 | I25: 125 | J25: 10 | K25: 2000
... A36: new troops | B36: 1800 | C36: 2200 | D36: 900 | E36: 5400 | F36: 700 | G36: 800 | H36: 50 | I36: 100 | J36: 20 | K36: 4000

Sheet 兵力对比
B1: attack | C1: Defense | D1: Life | E1: speed | F1: range | H1: Damage | I1: Defense | J1: Life | K1: range | L1: speed | M1: Might | N1: damage | O1: fighting capacity | P1: vitality capacity | Q1: price | R1: 1 power attack value | S1: average attack value | T1: 1 power defense value | U1: average defense value | V1: range troops dps up
A2: basic unit 1 | B2: 1000 | C2: 1000 | D2: 15000 | E2: 100 | F2: 100 | G2: Conscript | H2: =IF(VLOOKUP(G2,兵力属性!$A$2:$K$35,2,FALSE)>VLOOKUP(G2,兵力属性!$A$2:$K$35,3,FALSE),VLOOKUP(G2,兵力属性!$A$2:$K$35,2,FALSE),VLOOKUP(G2,兵力属性!$A$2:$K$35,3,FALSE)) -> 10 | I2: =VLOOKUP(G2,兵力属性!$A$2:$K$35,4,FALSE) -> 10 | J2: =VLOOKUP(G2,兵力属性!$A$2:$K$35,5,FALSE) -> 75 | L2: 200 | M2: =VLOOKUP(G2,兵力属性!$A$2:$K$35,10,FALSE) -> 1 | N2: =H2*IF(H2/C2>2,2,IF(H2/C2<0.5,0.5,H2/C2)) -> 5 | O2: =N2/D2 -> 0.00033333333 | P2: =J2/(B2*IF(B2/I2>2,2,IF(B2/I2<0.5,0.5,B2/I2))) -> 0.0375 | Q2: 0.074038657 | R2: =N2/Q2 -> 67.532289 | S2: =N2/Q2/M2 -> 67.532289 | T2: =J2/(B2*IF(B2/I2>2,2,IF(B2/I2<0.5,0.5,B2/I2)))/Q2 -> 0.50649217 | U2: =T2/M2 -> 0.50649217 | V2: =K2/F2 -> 0
A3: basic unit 1 | B3: 1000 | C3: 1000 | D3: 15000 | E3: 100 | F3: 100 | G3: Porter | H3: =IF(VLOOKUP(G3,兵力属性!$A$2:$K$35,2,FALSE)>VLOOKUP(G3,兵力属性!$A$2:$K$35,3,FALSE),VLOOKUP(G3,兵力属性!$A$2:$K$35,2,FALSE),VLOOKUP(G3,兵力属性!$A$2:$K$35,3,FALSE)) -> 1 | I3: =VLOOKUP(G3,兵力属性!$A$2:$K$35,4,FALSE) -> 10 | J3: =VLOOKUP(G3,兵力属性!$A$2:$K$35,5,FALSE) -> 45 | L3: 100 | M3: =VLOOKUP(G3,兵力属性!$A$2:$K$35,10,FALSE) -> 1 | N3: =H3*IF(H3/C3>2,2,IF(H3/C3<0.5,0.5,H3/C3)) -> 0.5 | O3: =N3/D3 -> 3.3333333e-05 | P3: =J3/(B3*IF(B3/I3>2,2,IF(B3/I3<0.5,0.5,B3/I3))) -> 0.0225 | Q3: 0.087144444 | R3: =N3/Q3 -> 5.7376004 | S3: =N3/Q3/M3 -> 5.7376004 | T3: =J3/(B3*IF(B3/I3>2,2,IF(B3/I3<0.5,0.5,B3/I3)))/Q3 -> 0.25819202 | U3: =T3/M3 -> 0.25819202 | V3: =K3/F3 -> 0
A4: basic unit 1 | B4: 1000 | C4: 1000 | D4: 15000 | E4: 100 | F4: 100 | G4: Spy | H4: =IF(VLOOKUP(G4,兵力属性!$A$2:$K$35,2,FALSE)>VLOOKUP(G4,兵力属性!$A$2:$K$35,3,FALSE),VLOOKUP(G4,兵力属性!$A$2:$K$35,2,FALSE),VLOOKUP(G4,兵力属性!$A$2:$K$35,3,FALSE)) -> 5 | I4: =VLOOKUP(G4,兵力属性!$A$2:$K$35,4,FALSE) -> 5 | J4: =VLOOKUP(G4,兵力属性!$A$2:$K$35,5,FALSE) -> 10 | L4: 3000 | M4: =VLOOKUP(G4,兵力属性!$A$2:$K$35,10,FALSE) -> 2 | N4: =H4*IF(H4/C4>2,2,IF(H4/C4<0.5,0.5,H4/C4)) -> 2.5 | O4: =N4/D4 -> 0.00016666667 | P4: =J4/(B4*IF(B4/I4>2,2,IF(B4/I4<0.5,0.5,B4/I4))) -> 0.005 | Q4: 0.18810891 | R4: =N4/Q4 -> 13.290173 | S4: =N4/Q4/M4 -> 6.6450865 | T4: =J4/(B4*IF(B4/I4>2,2,IF(B4/I4<0.5,0.5,B4/I4)))/Q4 -> 0.026580346 | U4: =T4/M4 -> 0.013290173 | V4: =K4/F4 -> 0
A5: basic unit 1 | B5: 1000 | C5: 1000 | D5: 15000 | E5: 100 | F5: 100 | G5: Halberdsman | H5: =IF(VLOOKUP(G5,兵力属性!$A$2:$K$35,2,FALSE)>VLOOKUP(G5,兵力属性!$A$2:$K$35,3,FALSE),VLOOKUP(G5,兵力属性!$A$2:$K$35,2,FALSE),VLOOKUP(G5,兵力属性!$A$2:$K$35,3,FALSE)) -> 40 | I5: =VLOOKUP(G5,兵力属性!$A$2:$K$35,4,FALSE) -> 40 | J5: =VLOOKUP(G5,兵力属性!$A$2:$K$35,5,FALSE) -> 150 | K5: 1200 | L5: 300 | M5: =VLOOKUP(G5,兵力属性!$A$2:$K$35,10,FALSE) -> 2 | N5: =H5*IF(H5/C5>2,2,IF(H5/C5<0.5,0.5,H5/C5)) -> 20 | O5: =N5/D5 -> 0.0013333333 | P5: =J5/(B5*IF(B5/I5>2,2,IF(B5/I5<0.5,0.5,B5/I5))) -> 0.075 | Q5: 0.27994618 | R5: =N5/Q5 -> 71.442304 | S5: =N5/Q5/M5 -> 35.721152 | T5: =J5/(B5*IF(B5/I5>2,2,IF(B5/I5<0.5,0.5,B5/I5)))/Q5 -> 0.26790864 | U5: =T5/M5 -> 0.13395432 | V5: =K5/F5 -> 12
A6: basic unit 1 | B6: 1000 | C6: 1000 | D6: 15000 | E6: 100 | F6: 100 | G6: Minotaur | H6: =IF(VLOOKUP(G6,兵力属性!$A$2:$K$35,2,FALSE)>VLOOKUP(G6,兵力属性!$A$2:$K$35,3,FALSE),VLOOKUP(G6,兵力属性!$A$2:$K$35,2,FALSE),VLOOKUP(G6,兵力属性!$A$2:$K$35,3,FALSE)) -> 70 | I6: =VLOOKUP(G6,兵力属性!$A$2:$K$35,4,FALSE) -> 45 | J6: =VLOOKUP(G6,兵力属性!$A$2:$K$35,5,FALSE) -> 225 | L6: 275 | M6: =VLOOKUP(G6,兵力属性!$A$2:$K$35,10,FALSE) -> 3 | N6: =H6*IF(H6/C6>2,2,IF(H6/C6<0.5,0.5,H6/C6)) -> 35 | O6: =N6/D6 -> 0.0023333333 | P6: =J6/(B6*IF(B6/I6>2,2,IF(B6/I6<0.5,0.5,B6/I6))) -> 0.1125 | Q6: 0.34201215 | R6: =N6/Q6 -> 102.33554 | S6: =N6/Q6/M6 -> 34.111848 | T6: =J6/(B6*IF(B6/I6>2,2,IF(B6/I6<0.5,0.5,B6/I6)))/Q6 -> 0.32893568 | U6: =T6/M6 -> 0.10964523 | V6: =K6/F6 -> 0
A7: basic unit 1 | B7: 1000 | C7: 1000 | D7: 15000 | E7: 100 | F7: 100 | G7: Longbowman | H7: =IF(VLOOKUP(G7,兵力属性!$A$2:$K$35,2,FALSE)>VLOOKUP(G7,兵力属性!$A$2:$K$35,3,FALSE),VLOOKUP(G7,兵力属性!$A$2:$K$35,2,FALSE),VLOOKUP(G7,兵力属性!$A$2:$K$35,3,FALSE)) -> 80 | I7: =VLOOKUP(G7,兵力属性!$A$2:$K$35,4,FALSE) -> 30 | J7: =VLOOKUP(G7,兵力属性!$A$2:$K$35,5,FALSE) -> 75 | L7: 250 | M7: =VLOOKUP(G7,兵力属性!$A$2:$K$35,10,FALSE) -> 4 | N7: =H7*IF(H7/C7>2,2,IF(H7/C7<0.5,0.5,H7/C7)) -> 40 | O7: =N7/D7 -> 0.0026666667 | P7: =J7/(B7*IF(B7/I7>2,2,IF(B7/I7<0.5,0.5,B7/I7))) -> 0.0375 | Q7: 0.46543113 | R7: =N7/Q7 -> 85.941823 | S7: =N7/Q7/M7 -> 21.485456 | T7: =J7/(B7*IF(B7/I7>2,2,IF(B7/I7<0.5,0.5,B7/I7)))/Q7 -> 0.080570459 | U7: =T7/M7 -> 0.020142615 | V7: =K7/F7 -> 0
A8: basic unit 1 | B8: 1000 | C8: 1000 | D8: 15000 | E8: 100 | F8: 100 | G8: SwiftStrikeDragon | H8: =IF(VLOOKUP(G8,兵力属性!$A$2:$K$35,2,FALSE)>VLOOKUP(G8,兵力属性!$A$2:$K$35,3,FALSE),VLOOKUP(G8,兵力属性!$A$2:$K$35,2,FALSE),VLOOKUP(G8,兵力属性!$A$2:$K$35,3,FALSE)) -> 150 | I8: =VLOOKUP(G8,兵力属性!$A$2:$K$35,4,FALSE) -> 60 | J8: =VLOOKUP(G8,兵力属性!$A$2:$K$35,5,FALSE) -> 300 | L8: 1000 | M8: =VLOOKUP(G8,兵力属性!$A$2:$K$35,10,FALSE) -> 5 | N8: =H8*IF(H8/C8>2,2,IF(H8/C8<0.5,0.5,H8/C8)) -> 75 | O8: =N8/D8 -> 0.005 | P8: =J8/(B8*IF(B8/I8>2,2,IF(B8/I8<0.5,0.5,B8/I8))) -> 0.15 | Q8: 0.86651736 | R8: =N8/Q8 -> 86.553373 | S8: =N8/Q8/M8 -> 17.310675 | T8: =J8/(B8*IF(B8/I8>2,2,IF(B8/I8<0.5,0.5,B8/I8)))/Q8 -> 0.17310675 | U8: =T8/M8 -> 0.034621349 | V8: =K8/F8 -> 0
A9: basic unit 1 | B9: 1000 | C9: 1000 | D9: 15000 | E9: 100 | F9: 100 | G9: BattleDragon | H9: =IF(VLOOKUP(G9,兵力属性!$A$2:$K$35,2,FALSE)>VLOOKUP(G9,兵力属性!$A$2:$K$35,3,FALSE),VLOOKUP(G9,兵力属性!$A$2:$K$35,2,FALSE),VLOOKUP(G9,兵力属性!$A$2:$K$35,3,FALSE)) -> 300 | I9: =VLOOKUP(G9,兵力属性!$A$2:$K$35,4,FALSE) -> 300 | J9: =VLOOKUP(G9,兵力属性!$A$2:$K$35,5,FALSE) -> 1500 | L9: 750 | M9: =VLOOKUP(G9,兵力属性!$A$2:$K$35,10,FALSE) -> 7 | N9: =H9*IF(H9/C9>2,2,IF(H9/C9<0.5,0.5,H9/C9)) -> 150 | O9: =N9/D9 -> 0.01 | P9: =J9/(B9*IF(B9/I9>2,2,IF(B9/I9<0.5,0.5,B9/I9))) -> 0.75 | Q9: 2.3037106 | R9: =N9/Q9 -> 65.112344 | S9: =N9/Q9/M9 -> 9.3017634 | T9: =J9/(B9*IF(B9/I9>2,2,IF(B9/I9<0.5,0.5,B9/I9)))/Q9 -> 0.32556172 | U9: =T9/M9 -> 0.046508817 | V9: =K9/F9 -> 0
A10: basic unit 1 | B10: 1000 | C10: 1000 | D10: 15000 | E10: 100 | F10: 100 | G10: ArmoredTransport | H10: =IF(VLOOKUP(G10,兵力属性!$A$2:$K$35,2,FALSE)>VLOOKUP(G10,兵力属性!$A$2:$K$35,3,FALSE),VLOOKUP(G10,兵力属性!$A$2:$K$35,2,FALSE),VLOOKUP(G10,兵力属性!$A$2:$K$35,3,FALSE)) -> 5 | I10: =VLOOKUP(G10,兵力属性!$A$2:$K$35,4,FALSE) -> 200 | J10: =VLOOKUP(G10,兵力属性!$A$2:$K$35,5,FALSE) -> 750 | L10: 150 | M10: =VLOOKUP(G10,兵力属性!$A$2:$K$35,10,FALSE) -> 6 | N10: =H10*IF(H10/C10>2,2,IF(H10/C10<0.5,0.5,H10/C10)) -> 2.5 | O10: =N10/D10 -> 0.00016666667 | P10: =J10/(B10*IF(B10/I10>2,2,IF(B10/I10<0.5,0.5,B10/I10))) -> 0.375 | Q10: 1.3258247 | R10: =N10/Q10 -> 1.8856189 | S10: =N10/Q10/M10 -> 0.31426981 | T10: =J10/(B10*IF(B10/I10>2,2,IF(B10/I10<0.5,0.5,B10/I10)))/Q10 -> 0.28284283 | U10: =T10/M10 -> 0.047140472 | V10: =K10/F10 -> 0
A11: basic unit 1 | B11: 1000 | C11: 1000 | D11: 15000 | E11: 100 | F11: 100 | G11: Giant | H11: =IF(VLOOKUP(G11,兵力属性!$A$2:$K$35,2,FALSE)>VLOOKUP(G11,兵力属性!$A$2:$K$35,3,FALSE),VLOOKUP(G11,兵力属性!$A$2:$K$35,2,FALSE),VLOOKUP(G11,兵力属性!$A$2:$K$35,3,FALSE)) -> 1000 | I11: =VLOOKUP(G11,兵力属性!$A$2:$K$35,4,FALSE) -> 400 | J11: =VLOOKUP(G11,兵力属性!$A$2:$K$35,5,FALSE) -> 4000 | L11: 120 | M11: =VLOOKUP(G11,兵力属性!$A$2:$K$35,10,FALSE) -> 9 | N11: =H11*IF(H11/C11>2,2,IF(H11/C11<0.5,0.5,H11/C11)) -> 1000 | O11: =N11/D11 -> 0.066666667 | P11: =J11/(B11*IF(B11/I11>2,2,IF(B11/I11<0.5,0.5,B11/I11))) -> 2 | Q11: 6.00064 | R11: =N11/Q11 -> 166.64889 | S11: =N11/Q11/M11 -> 18.516543 | T11: =J11/(B11*IF(B11/I11>2,2,IF(B11/I11<0.5,0.5,B11/I11)))/Q11 -> 0.33329778 | U11: =T11/M11 -> 0.037033087 | V11: =K11/F11 -> 0
A12: basic unit 1 | B12: 1000 | C12: 1000 | D12: 15000 | E12: 100 | F12: 100 | G12: FireMirror | H12: =IF(VLOOKUP(G12,兵力属性!$A$2:$K$35,2,FALSE)>VLOOKUP(G12,兵力属性!$A$2:$K$35,3,FALSE),VLOOKUP(G12,兵力属性!$A$2:$K$35,2,FALSE),VLOOKUP(G12,兵力属性!$A$2:$K$35,3,FALSE)) -> 1200 | I12: =VLOOKUP(G12,兵力属性!$A$2:$K$35,4,FALSE) -> 30 | J12: =VLOOKUP(G12,兵力属性!$A$2:$K$35,5,FALSE) -> 1500 | K12: 1500 | L12: 50 | M12: =VLOOKUP(G12,兵力属性!$A$2:$K$35,10,FALSE) -> 10 | N12: =H12*IF(H12/C12>2,2,IF(H12/C12<0.5,0.5,H12/C12)) -> 1440 | O12: =N12/D12 -> 0.096 | P12: =J12/(B12*IF(B12/I12>2,2,IF(B12/I12<0.5,0.5,B12/I12))) -> 0.75 | Q12: 8.9008779 | R12: =N12/Q12 -> 161.78179 | S12: =N12/Q12/M12 -> 16.178179 | T12: =J12/(B12*IF(B12/I12>2,2,IF(B12/I12<0.5,0.5,B12/I12)))/Q12 -> 0.084261351 | U12: =T12/M12 -> 0.0084261351 | V12: =K12/F12 -> 15
A13: basic unit 1 | B13: 1000 | C13: 1000 | D13: 15000 | E13: 100 | F13: 100 | G13: Fangtooth | H13: =IF(VLOOKUP(G13,兵力属性!$A$2:$K$35,2,FALSE)>VLOOKUP(G13,兵力属性!$A$2:$K$35,3,FALSE),VLOOKUP(G13,兵力属性!$A$2:$K$35,2,FALSE),VLOOKUP(G13,兵力属性!$A$2:$K$35,3,FALSE)) -> 1600 | I13: =VLOOKUP(G13,兵力属性!$A$2:$K$35,4,FALSE) -> 300 | J13: =VLOOKUP(G13,兵力属性!$A$2:$K$35,5,FALSE) -> 3000 | K13: 600 | L13: 500 | M13: =VLOOKUP(G13,兵力属性!$A$2:$K$35,10,FALSE) -> 10 | N13: =H13*IF(H13/C13>2,2,IF(H13/C13<0.5,0.5,H13/C13)) -> 2560 | O13: =N13/D13 -> 0.17066667 | P13: =J13/(B13*IF(B13/I13>2,2,IF(B13/I13<0.5,0.5,B13/I13))) -> 1.5 | Q13: 5.8336852 | R13: =N13/Q13 -> 438.83067 | S13: =N13/Q13/M13 -> 43.883067 | T13: =J13/(B13*IF(B13/I13>2,2,IF(B13/I13<0.5,0.5,B13/I13)))/Q13 -> 0.25712735 | U13: =T13/M13 -> 0.025712735 | V13: =K13/F13 -> 6
A14: basic unit 1 | B14: 1000 | C14: 1000 | D14: 15000 | E14: 100 | F14: 100 | G14: NightshadeDragonTroop | H14: =IF(VLOOKUP(G14,兵力属性!$A$2:$K$35,2,FALSE)>VLOOKUP(G14,兵力属性!$A$2:$K$35,3,FALSE),VLOOKUP(G14,兵力属性!$A$2:$K$35,2,FALSE),VLOOKUP(G14,兵力属性!$A$2:$K$35,3,FALSE)) -> 2000 | I14: =VLOOKUP(G14,兵力属性!$A$2:$K$35,4,FALSE) -> 500 | J14: =VLOOKUP(G14,兵力属性!$A$2:$K$35,5,FALSE) -> 5000 | L14: 150 | M14: =VLOOKUP(G14,兵力属性!$A$2:$K$35,10,FALSE) -> 10 | N14: =H14*IF(H14/C14>2,2,IF(H14/C14<0.5,0.5,H14/C14)) -> 4000 | O14: =N14/D14 -> 0.26666667 | P14: =J14/(B14*IF(B14/I14>2,2,IF(B14/I14<0.5,0.5,B14/I14))) -> 2.5 | Q14: 6.0536852 | R14: =N14/Q14 -> 660.75454 | S14: =N14/Q14/M14 -> 66.075454 | T14: =J14/(B14*IF(B14/I14>2,2,IF(B14/I14<0.5,0.5,B14/I14)))/Q14 -> 0.41297159 | U14: =T14/M14 -> 0.041297159 | V14: =K14/F14 -> 0
A15: basic unit 1 | B15: 1000 | C15: 1000 | D15: 15000 | E15: 100 | F15: 100 | G15: EarthDragonTroop | H15: =IF(VLOOKUP(G15,兵力属性!$A$2:$K$35,2,FALSE)>VLOOKUP(G15,兵力属性!$A$2:$K$35,3,FALSE),VLOOKUP(G15,兵力属性!$A$2:$K$35,2,FALSE),VLOOKUP(G15,兵力属性!$A$2:$K$35,3,FALSE)) -> 650 | I15: =VLOOKUP(G15,兵力属性!$A$2:$K$35,4,FALSE) -> 900 | J15: =VLOOKUP(G15,兵力属性!$A$2:$K$35,5,FALSE) -> 15000 | L15: 350 | M15: =VLOOKUP(G15,兵力属性!$A$2:$K$35,10,FALSE) -> 9 | N15: =H15*IF(H15/C15>2,2,IF(H15/C15<0.5,0.5,H15/C15)) -> 422.5 | O15: =N15/D15 -> 0.028166667 | P15: =J15/(B15*IF(B15/I15>2,2,IF(B15/I15<0.5,0.5,B15/I15))) -> 13.5 | Q15: 5.3909352 | R15: =N15/Q15 -> 78.372302 | S15: =N15/Q15/M15 -> 8.7080335 | T15: =J15/(B15*IF(B15/I15>2,2,IF(B15/I15<0.5,0.5,B15/I15)))/Q15 -> 2.5042037 | U15: =T15/M15 -> 0.27824486 | V15: =K15/F15 -> 0
A16: basic unit 1 | B16: 1000 | C16: 1000 | D16: 15000 | E16: 100 | F16: 100 | G16: FireDragonTroop | H16: =IF(VLOOKUP(G16,兵力属性!$A$2:$K$35,2,FALSE)>VLOOKUP(G16,兵力属性!$A$2:$K$35,3,FALSE),VLOOKUP(G16,兵力属性!$A$2:$K$35,2,FALSE),VLOOKUP(G16,兵力属性!$A$2:$K$35,3,FALSE)) -> 1600 | I16: =VLOOKUP(G16,兵力属性!$A$2:$K$35,4,FALSE) -> 150 | J16: =VLOOKUP(G16,兵力属性!$A$2:$K$35,5,FALSE) -> 3000 | K16: 900 | L16: 600 | M16: =VLOOKUP(G16,兵力属性!$A$2:$K$35,10,FALSE) -> 10 | N16: =H16*IF(H16/C16>2,2,IF(H16/C16<0.5,0.5,H16/C16)) -> 2560 | O16: =N16/D16 -> 0.17066667 | P16: =J16/(B16*IF(B16/I16>2,2,IF(B16/I16<0.5,0.5,B16/I16))) -> 1.5 | Q16: 5.3936852 | R16: =N16/Q16 -> 474.62911 | S16: =N16/Q16/M16 -> 47.462911 | T16: =J16/(B16*IF(B16/I16>2,2,IF(B16/I16<0.5,0.5,B16/I16)))/Q16 -> 0.27810299 | U16: =T16/M16 -> 0.027810299 | V16: =K16/F16 -> 9
A17: basic unit 1 | B17: 1000 | C17: 1000 | D17: 15000 | E17: 100 | F17: 100 | G17: VengeWyrm | H17: =IF(VLOOKUP(G17,兵力属性!$A$2:$K$35,2,FALSE)>VLOOKUP(G17,兵力属性!$A$2:$K$35,3,FALSE),VLOOKUP(G17,兵力属性!$A$2:$K$35,2,FALSE),VLOOKUP(G17,兵力属性!$A$2:$K$35,3,FALSE)) -> 3100 | I17: =VLOOKUP(G17,兵力属性!$A$2:$K$35,4,FALSE) -> 400 | J17: =VLOOKUP(G17,兵力属性!$A$2:$K$35,5,FALSE) -> 250 | L17: 900 | M17: =VLOOKUP(G17,兵力属性!$A$2:$K$35,10,FALSE) -> 10 | N17: =H17*IF(H17/C17>2,2,IF(H17/C17<0.5,0.5,H17/C17)) -> 6200 | O17: =N17/D17 -> 0.41333333 | P17: =J17/(B17*IF(B17/I17>2,2,IF(B17/I17<0.5,0.5,B17/I17))) -> 0.125 | Q17: 4.8772269 | R17: =N17/Q17 -> 1271.2142 | S17: =N17/Q17/M17 -> 127.12142 | T17: =J17/(B17*IF(B17/I17>2,2,IF(B17/I17<0.5,0.5,B17/I17)))/Q17 -> 0.025629318 | U17: =T17/M17 -> 0.0025629318 | V17: =K17/F17 -> 0
A18: basic unit 1 | B18: 1000 | C18: 1000 | D18: 15000 | E18: 100 | F18: 100 | G18: LightingCannon | H18: =IF(VLOOKUP(G18,兵力属性!$A$2:$K$35,2,FALSE)>VLOOKUP(G18,兵力属性!$A$2:$K$35,3,FALSE),VLOOKUP(G18,兵力属性!$A$2:$K$35,2,FALSE),VLOOKUP(G18,兵力属性!$A$2:$K$35,3,FALSE)) -> 900 | I18: =VLOOKUP(G18,兵力属性!$A$2:$K$35,4,FALSE) -> 250 | J18: =VLOOKUP(G18,兵力属性!$A$2:$K$35,5,FALSE) -> 1100 | K18: 1600 | L18: 50 | M18: =VLOOKUP(G18,兵力属性!$A$2:$K$35,10,FALSE) -> 10 | N18: =H18*IF(H18/C18>2,2,IF(H18/C18<0.5,0.5,H18/C18)) -> 810 | O18: =N18/D18 -> 0.054 | P18: =J18/(B18*IF(B18/I18>2,2,IF(B18/I18<0.5,0.5,B18/I18))) -> 0.55 | Q18: 8.2404068 | R18: =N18/Q18 -> 98.296118 | S18: =N18/Q18/M18 -> 9.8296118 | T18: =J18/(B18*IF(B18/I18>2,2,IF(B18/I18<0.5,0.5,B18/I18)))/Q18 -> 0.066744277 | U18: =T18/M18 -> 0.0066744277 | V18: =K18/F18 -> 16
A19: basic unit 1 | B19: 1000 | C19: 1000 | D19: 15000 | E19: 100 | F19: 100 | G19: StormDrake | H19: =IF(VLOOKUP(G19,兵力属性!$A$2:$K$35,2,FALSE)>VLOOKUP(G19,兵力属性!$A$2:$K$35,3,FALSE),VLOOKUP(G19,兵力属性!$A$2:$K$35,2,FALSE),VLOOKUP(G19,兵力属性!$A$2:$K$35,3,FALSE)) -> 1350 | I19: =VLOOKUP(G19,兵力属性!$A$2:$K$35,4,FALSE) -> 300 | J19: =VLOOKUP(G19,兵力属性!$A$2:$K$35,5,FALSE) -> 3100 | L19: 675 | M19: =VLOOKUP(G19,兵力属性!$A$2:$K$35,10,FALSE) -> 10 | N19: =H19*IF(H19/C19>2,2,IF(H19/C19<0.5,0.5,H19/C19)) -> 1822.5 | O19: =N19/D19 -> 0.1215 | P19: =J19/(B19*IF(B19/I19>2,2,IF(B19/I19<0.5,0.5,B19/I19))) -> 1.55 | Q19: 5.7509948 | R19: =N19/Q19 -> 316.9017 | S19: =N19/Q19/M19 -> 31.69017 | T19: =J19/(B19*IF(B19/I19>2,2,IF(B19/I19<0.5,0.5,B19/I19)))/Q19 -> 0.26951859 | U19: =T19/M19 -> 0.026951859 | V19: =K19/F19 -> 0
A20: basic unit 1 | B20: 1000 | C20: 1000 | D20: 15000 | E20: 100 | F20: 100 | G20: LavaJaw | H20: =IF(VLOOKUP(G20,兵力属性!$A$2:$K$35,2,FALSE)>VLOOKUP(G20,兵力属性!$A$2:$K$35,3,FALSE),VLOOKUP(G20,兵力属性!$A$2:$K$35,2,FALSE),VLOOKUP(G20,兵力属性!$A$2:$K$35,3,FALSE)) -> 2000 | I20: =VLOOKUP(G20,兵力属性!$A$2:$K$35,4,FALSE) -> 150 | J20: =VLOOKUP(G20,兵力属性!$A$2:$K$35,5,FALSE) -> 1000 | K20: 1600 | L20: 400 | M20: =VLOOKUP(G20,兵力属性!$A$2:$K$35,10,FALSE) -> 8 | N20: =H20*IF(H20/C20>2,2,IF(H20/C20<0.5,0.5,H20/C20)) -> 4000 | O20: =N20/D20 -> 0.26666667 | P20: =J20/(B20*IF(B20/I20>2,2,IF(B20/I20<0.5,0.5,B20/I20))) -> 0.5 | Q20: 6.2811395 | R20: =N20/Q20 -> 636.82713 | S20: =N20/Q20/M20 -> 79.603391 | T20: =J20/(B20*IF(B20/I20>2,2,IF(B20/I20<0.5,0.5,B20/I20)))/Q20 -> 0.079603391 | U20: =T20/M20 -> 0.0099504239 | V20: =K20/F20 -> 16
A21: basic unit 1 | B21: 1000 | C21: 1000 | D21: 15000 | E21: 100 | F21: 100 | G21: PetrifiedTitan | H21: =IF(VLOOKUP(G21,兵力属性!$A$2:$K$35,2,FALSE)>VLOOKUP(G21,兵力属性!$A$2:$K$35,3,FALSE),VLOOKUP(G21,兵力属性!$A$2:$K$35,2,FALSE),VLOOKUP(G21,兵力属性!$A$2:$K$35,3,FALSE)) -> 5000 | I21: =VLOOKUP(G21,兵力属性!$A$2:$K$35,4,FALSE) -> 1500 | J21: =VLOOKUP(G21,兵力属性!$A$2:$K$35,5,FALSE) -> 7500 | L21: 50 | M21: =VLOOKUP(G21,兵力属性!$A$2:$K$35,10,FALSE) -> 20 | N21: =H21*IF(H21/C21>2,2,IF(H21/C21<0.5,0.5,H21/C21)) -> 10000 | O21: =N21/D21 -> 0.66666667 | P21: =J21/(B21*IF(B21/I21>2,2,IF(B21/I21<0.5,0.5,B21/I21))) -> 11.25 | Q21: 11.294991 | R21: =N21/Q21 -> 885.34819 | S21: =N21/Q21/M21 -> 44.267409 | T21: =J21/(B21*IF(B21/I21>2,2,IF(B21/I21<0.5,0.5,B21/I21)))/Q21 -> 0.99601671 | U21: =T21/M21 -> 0.049800835 | V21: =K21/F21 -> 0
A22: basic unit 1 | B22: 1000 | C22: 1000 | D22: 15000 | E22: 100 | F22: 100 | G22: DimensionalRuiner | H22: =IF(VLOOKUP(G22,兵力属性!$A$2:$K$35,2,FALSE)>VLOOKUP(G22,兵力属性!$A$2:$K$35,3,FALSE),VLOOKUP(G22,兵力属性!$A$2:$K$35,2,FALSE),VLOOKUP(G22,兵力属性!$A$2:$K$35,3,FALSE)) -> 5999 | I22: =VLOOKUP(G22,兵力属性!$A$2:$K$35,4,FALSE) -> 999 | J22: =VLOOKUP(G22,兵力属性!$A$2:$K$35,5,FALSE) -> 6999 | L22: 999 | M22: =VLOOKUP(G22,兵力属性!$A$2:$K$35,10,FALSE) -> 40 | N22: =H22*IF(H22/C22>2,2,IF(H22/C22<0.5,0.5,H22/C22)) -> 11998 | O22: =N22/D22 -> 0.79986667 | P22: =J22/(B22*IF(B22/I22>2,2,IF(B22/I22<0.5,0.5,B22/I22))) -> 6.992001 | Q22: 25.597535 | R22: =N22/Q22 -> 468.71701 | S22: =N22/Q22/M22 -> 11.717925 | T22: =J22/(B22*IF(B22/I22>2,2,IF(B22/I22<0.5,0.5,B22/I22)))/Q22 -> 0.27315134 | U22: =T22/M22 -> 0.0068287836 | V22: =K22/F22 -> 0
A23: basic unit 1 | B23: 1000 | C23: 1000 | D23: 15000 | E23: 100 | F23: 100 | G23: DragonCavalier | H23: =IF(VLOOKUP(G23,兵力属性!$A$2:$K$35,2,FALSE)>VLOOKUP(G23,兵力属性!$A$2:$K$35,3,FALSE),VLOOKUP(G23,兵力属性!$A$2:$K$35,2,FALSE),VLOOKUP(G23,兵力属性!$A$2:$K$35,3,FALSE)) -> 2900 | I23: =VLOOKUP(G23,兵力属性!$A$2:$K$35,4,FALSE) -> 800 | J23: =VLOOKUP(G23,兵力属性!$A$2:$K$35,5,FALSE) -> 6000 | L23: 1100 | M23: =VLOOKUP(G23,兵力属性!$A$2:$K$35,10,FALSE) -> 25 | N23: =H23*IF(H23/C23>2,2,IF(H23/C23<0.5,0.5,H23/C23)) -> 5800 | O23: =N23/D23 -> 0.38666667 | P23: =J23/(B23*IF(B23/I23>2,2,IF(B23/I23<0.5,0.5,B23/I23))) -> 4.8 | Q23: 7.6158704 | R23: =N23/Q23 -> 761.56758 | S23: =N23/Q23/M23 -> 30.462703 | T23: =J23/(B23*IF(B23/I23>2,2,IF(B23/I23<0.5,0.5,B23/I23)))/Q23 -> 0.63026283 | U23: =T23/M23 -> 0.025210513 | V23: =K23/F23 -> 0
A24: basic unit 1 | B24: 1000 | C24: 1000 | D24: 15000 | E24: 100 | F24: 100 | G24: ArcticLeviathan | H24: =IF(VLOOKUP(G24,兵力属性!$A$2:$K$35,2,FALSE)>VLOOKUP(G24,兵力属性!$A$2:$K$35,3,FALSE),VLOOKUP(G24,兵力属性!$A$2:$K$35,2,FALSE),VLOOKUP(G24,兵力属性!$A$2:$K$35,3,FALSE)) -> 2200 | I24: =VLOOKUP(G24,兵力属性!$A$2:$K$35,4,FALSE) -> 999 | J24: =VLOOKUP(G24,兵力属性!$A$2:$K$35,5,FALSE) -> 1000 | K24: 1700 | L24: 450 | M24: =VLOOKUP(G24,兵力属性!$A$2:$K$35,10,FALSE) -> 20 | N24: =H24*IF(H24/C24>2,2,IF(H24/C24<0.5,0.5,H24/C24)) -> 4400 | O24: =N24/D24 -> 0.29333333 | P24: =J24/(B24*IF(B24/I24>2,2,IF(B24/I24<0.5,0.5,B24/I24))) -> 0.999 | Q24: 10.96537 | R24: =N24/Q24 -> 401.26324 | S24: =N24/Q24/M24 -> 20.063162 | T24: =J24/(B24*IF(B24/I24>2,2,IF(B24/I24<0.5,0.5,B24/I24)))/Q24 -> 0.091104994 | U24: =T24/M24 -> 0.0045552497 | V24: =K24/F24 -> 17
A25: basic unit 1 | B25: 1000 | C25: 1000 | D25: 15000 | E25: 100 | F25: 100 | G25: new troop | H25: =1800 -> 1800 | I25: 900 | J25: 5400 | K25: 600 | L25: 700 | M25: 20 | N25: =H25*IF(H25/C25>2,2,IF(H25/C25<0.5,0.5,H25/C25)) -> 3240 | O25: =N25/D25 -> 0.216 | P25: =J25/(B25*IF(B25/I25>2,2,IF(B25/I25<0.5,0.5,B25/I25))) -> 4.86 | Q25: 11.96537 | R25: =N25/Q25 -> 270.78142 | S25: =N25/Q25/M25 -> 13.539071 | T25: =J25/(B25*IF(B25/I25>2,2,IF(B25/I25<0.5,0.5,B25/I25)))/Q25 -> 0.40617213 | U25: =T25/M25 -> 0.020308607 | V25: =K25/F25 -> 6
C28: 1阶段兵 | D28: 1
C29: 2阶段兵 | D29: =D28*1.5 -> 1.5
C30: 3阶段兵 | D30: 2
C31: 4阶段兵
C32: 5阶段兵
C33: 6阶段兵

Sheet 兵力精算
B1: Ranged Damage | C1: Melee Damage | D1: Defense | E1: Life | F1: Speed | G1: Range | H1: Load | I1: Upkeep | J1: Might | K1: Unit Training Time | L1: price(ruby) | M1: hp/a | N1: a/d | O1: hp/d | P1: range value | Q1: 1 power attack value(range) | R1: 1 power attack value(melee) | S1: 1 P A | T1: total A | U1: speed value | V1: 1 power defense value | W1: 1 p d | X1: total defense | Y1: range value | AD1: attack | AE1: Defense | AF1: Life | AG1: speed | AH1: range
A2: Conscript | B2: 0 | C2: 10 | D2: 10 | E2: 75 | F2: 200 | G2: 0 | H2: 20 | I2: 3 | J2: 1 | K2: 26 | L2: 0.074038657 | M2: =E2/C2 -> 7.5 | N2: =C2/D2 -> 1 | O2: =E2/D2 -> 7.5 | P2: =G2/$AG$2 -> 0 | Q2: =(B2*IF(B2/$AE$2>2,2,IF(B2/$AE$2<0.5,0.5,B2/$AE$2)))/$J2*P2 -> 0 | R2: =(C2*IF(C2/$AE$2>2,2,IF(C2/$AE$2<0.5,0.5,C2/$AE$2)))/$J2 -> 5 | S2: =IF(R2>Q2,R2,Q2) -> 5 | T2: =S2*J2 -> 5 | U2: =$AH$2/F2 -> 5 | V2: =E2/$AD$2*IF($AD$2/D2>2,2,IF($AD$2/D2<0.5,0.5,$AD$2/D2))/J2 -> 0.5 | W2: =V2*50 -> 25 | X2: =V2*J2*100 -> 50 | AC2: unit1 | AD2: 300 | AE2: 300 | AF2: 100 | AG2: =750*1.5 -> 1125 | AH2: 1000
A3: Porter | B3: 0 | C3: 1 | D3: 10 | E3: 45 | F3: 100 | G3: 0 | H3: 200 | I3: 2 | J3: 1 | K3: 48 | L3: 0.087144444 | M3: =E3/C3 -> 45 | N3: =C3/D3 -> 0.1 | O3: =E3/D3 -> 4.5 | P3: =G3/$AG$2 -> 0 | Q3: =(B3*IF(B3/$AE$2>2,2,IF(B3/$AE$2<0.5,0.5,B3/$AE$2)))/$J3*P3 -> 0 | R3: =(C3*IF(C3/$AE$2>2,2,IF(C3/$AE$2<0.5,0.5,C3/$AE$2)))/$J3 -> 0.5 | S3: =IF(R3>Q3,R3,Q3) -> 0.5 | T3: =S3*J3 -> 0.5 | U3: =$AH$2/F3 -> 10 | V3: =E3/$AD$2*IF($AD$2/D3>2,2,IF($AD$2/D3<0.5,0.5,$AD$2/D3))/J3 -> 0.3 | W3: =V3*50 -> 15 | X3: =V3*J3*100 -> 30
A4: Spy | B4: 0 | C4: 5 | D4: 5 | E4: 10 | F4: 3000 | G4: 0 | H4: 0 | I4: 5 | J4: 2 | K4: 103 | L4: 0.18810891 | M4: =E4/C4 -> 2 | N4: =C4/D4 -> 1 | O4: =E4/D4 -> 2 | P4: =G4/$AG$2 -> 0 | Q4: =(B4*IF(B4/$AE$2>2,2,IF(B4/$AE$2<0.5,0.5,B4/$AE$2)))/$J4*P4 -> 0 | R4: =(C4*IF(C4/$AE$2>2,2,IF(C4/$AE$2<0.5,0.5,C4/$AE$2)))/$J4 -> 1.25 | S4: =IF(R4>Q4,R4,Q4) -> 1.25 | T4: =S4*J4 -> 2.5 | U4: =$AH$2/F4 -> 0.33333333 | V4: =E4/$AD$2*IF($AD$2/D4>2,2,IF($AD$2/D4<0.5,0.5,$AD$2/D4))/J4 -> 0.033333333 | W4: =V4*50 -> 1.6666667 | X4: =V4*J4*100 -> 6.6666667
A5: Halberdsman | B5: 0 | C5: 40 | D5: 40 | E5: 150 | F5: 300 | G5: 0 | H5: 40 | I5: 6 | J5: 2 | K5: 141 | L5: 0.27994618 | M5: =E5/C5 -> 3.75 | N5: =C5/D5 -> 1 | O5: =E5/D5 -> 3.75 | P5: =G5/$AG$2 -> 0 | Q5: =(B5*IF(B5/$AE$2>2,2,IF(B5/$AE$2<0.5,0.5,B5/$AE$2)))/$J5*P5 -> 0 | R5: =(C5*IF(C5/$AE$2>2,2,IF(C5/$AE$2<0.5,0.5,C5/$AE$2)))/$J5 -> 10 | S5: =IF(R5>Q5,R5,Q5) -> 10 | T5: =S5*J5 -> 20 | U5: =$AH$2/F5 -> 3.3333333 | V5: =E5/$AD$2*IF($AD$2/D5>2,2,IF($AD$2/D5<0.5,0.5,$AD$2/D5))/J5 -> 0.5 | W5: =V5*50 -> 25 | X5: =V5*J5*100 -> 100
A6: Minotaur | B6: 0 | C6: 70 | D6: 45 | E6: 225 | F6: 275 | G6: 0 | H6: 30 | I6: 7 | J6: 3 | K6: 219 | L6: 0.34201215 | M6: =E6/C6 -> 3.2142857 | N6: =C6/D6 -> 1.5555556 | O6: =E6/D6 -> 5 | P6: =G6/$AG$2 -> 0 | Q6: =(B6*IF(B6/$AE$2>2,2,IF(B6/$AE$2<0.5,0.5,B6/$AE$2)))/$J6*P6 -> 0 | R6: =(C6*IF(C6/$AE$2>2,2,IF(C6/$AE$2<0.5,0.5,C6/$AE$2)))/$J6 -> 11.666667 | S6: =IF(R6>Q6,R6,Q6) -> 11.666667 | T6: =S6*J6 -> 35 | U6: =$AH$2/F6 -> 3.6363636 | V6: =E6/$AD$2*IF($AD$2/D6>2,2,IF($AD$2/D6<0.5,0.5,$AD$2/D6))/J6 -> 0.5 | W6: =V6*50 -> 25 | X6: =V6*J6*100 -> 150
A7: Longbowman | B7: 80 | C7: 5 | D7: 30 | E7: 75 | F7: 250 | G7: 1200 | H7: 25 | I7: 9 | J7: 4 | K7: 343 | L7: 0.46543113 | M7: =E7/C7 -> 15 | N7: =B7/D7 -> 2.6666667 | O7: =E7/D7 -> 2.5 | P7: =G7/$AG$2 -> 1.0666667 | Q7: =(B7*IF(B7/$AE$2>2,2,IF(B7/$AE$2<0.5,0.5,B7/$AE$2)))/$J7*P7 -> 10.666667 | R7: =(C7*IF(C7/$AE$2>2,2,IF(C7/$AE$2<0.5,0.5,C7/$AE$2)))/$J7 -> 0.625 | S7: =IF(R7>Q7,R7,Q7) -> 10.666667 | T7: =S7*J7 -> 42.666667 | U7: =$AH$2/F7 -> 4 | V7: =E7/$AD$2*IF($AD$2/D7>2,2,IF($AD$2/D7<0.5,0.5,$AD$2/D7))/J7 -> 0.125 | W7: =V7*50 -> 6.25 | X7: =V7*J7*100 -> 50
A8: SwiftStrikeDragon | B8: 0 | C8: 150 | D8: 60 | E8: 300 | F8: 1000 | G8: 0 | H8: 100 | I8: 18 | J8: 5 | K8: 498 | L8: 0.86651736 | M8: =E8/C8 -> 2 | N8: =C8/D8 -> 2.5 | O8: =E8/D8 -> 5 | P8: =G8/$AG$2 -> 0 | Q8: =(B8*IF(B8/$AE$2>2,2,IF(B8/$AE$2<0.5,0.5,B8/$AE$2)))/$J8*P8 -> 0 | R8: =(C8*IF(C8/$AE$2>2,2,IF(C8/$AE$2<0.5,0.5,C8/$AE$2)))/$J8 -> 15 | S8: =IF(R8>Q8,R8,Q8) -> 15 | T8: =S8*J8 -> 75 | U8: =$AH$2/F8 -> 1 | V8: =E8/$AD$2*IF($AD$2/D8>2,2,IF($AD$2/D8<0.5,0.5,$AD$2/D8))/J8 -> 0.4 | W8: =V8*50 -> 20 | X8: =V8*J8*100 -> 200
A9: BattleDragon | B9: 0 | C9: 300 | D9: 300 | E9: 1500 | F9: 750 | G9: 0 | H9: 80 | I9: 35 | J9: 7 | K9: 1492 | L9: 2.3037106 | M9: =E9/C9 -> 5 | N9: =C9/D9 -> 1 | O9: =E9/D9 -> 5 | P9: =G9/$AG$2 -> 0 | Q9: =(B9*IF(B9/$AE$2>2,2,IF(B9/$AE$2<0.5,0.5,B9/$AE$2)))/$J9*P9 -> 0 | R9: =(C9*IF(C9/$AE$2>2,2,IF(C9/$AE$2<0.5,0.5,C9/$AE$2)))/$J9 -> 42.857143 | S9: =IF(R9>Q9,R9,Q9) -> 42.857143 | T9: =S9*J9 -> 300 | U9: =$AH$2/F9 -> 1.3333333 | V9: =E9/$AD$2*IF($AD$2/D9>2,2,IF($AD$2/D9<0.5,0.5,$AD$2/D9))/J9 -> 0.71428571 | W9: =V9*50 -> 35.714286 | X9: =V9*J9*100 -> 500
A10: ArmoredTransport | B10: 0 | C10: 5 | D10: 200 | E10: 750 | F10: 150 | G10: 0 | H10: 5000 | I10: 10 | J10: 6 | K10: 975 | L10: 1.3258247 | M10: =E10/C10 -> 150 | N10: =C10/D10 -> 0.025 | O10: =E10/D10 -> 3.75 | P10: =G10/$AG$2 -> 0 | Q10: =(B10*IF(B10/$AE$2>2,2,IF(B10/$AE$2<0.5,0.5,B10/$AE$2)))/$J10*P10 -> 0 | R10: =(C10*IF(C10/$AE$2>2,2,IF(C10/$AE$2<0.5,0.5,C10/$AE$2)))/$J10 -> 0.41666667 | S10: =IF(R10>Q10,R10,Q10) -> 0.41666667 | T10: =S10*J10 -> 2.5 | U10: =$AH$2/F10 -> 6.6666667 | V10: =E10/$AD$2*IF($AD$2/D10>2,2,IF($AD$2/D10<0.5,0.5,$AD$2/D10))/J10 -> 0.625 | W10: =V10*50 -> 31.25 | X10: =V10*J10*100 -> 375
A11: Giant | B11: 0 | C11: 1000 | D11: 400 | E11: 4000 | F11: 120 | G11: 0 | H11: 45 | I11: 100 | J11: 9 | K11: 4334 | L11: 6.00064 | M11: =E11/C11 -> 4 | N11: =C11/D11 -> 2.5 | O11: =E11/D11 -> 10 | P11: =G11/$AG$2 -> 0 | Q11: =(B11*IF(B11/$AE$2>2,2,IF(B11/$AE$2<0.5,0.5,B11/$AE$2)))/$J11*P11 -> 0 | R11: =(C11*IF(C11/$AE$2>2,2,IF(C11/$AE$2<0.5,0.5,C11/$AE$2)))/$J11 -> 222.22222 | S11: =IF(R11>Q11,R11,Q11) -> 222.22222 | T11: =S11*J11 -> 2000 | U11: =$AH$2/F11 -> 8.3333333 | V11: =E11/$AD$2*IF($AD$2/D11>2,2,IF($AD$2/D11<0.5,0.5,$AD$2/D11))/J11 -> 1.1111111 | W11: =V11*50 -> 55.555556 | X11: =V11*J11*100 -> 1000
A12: FireMirror | B12: 1200 | C12: 20 | D12: 30 | E12: 1500 | F12: 50 | G12: 1500 | H12: 75 | I12: 250 | J12: 10 | K12: 5843 | L12: 8.9008779 | M12: =E12/C12 -> 75 | N12: =B12/D12 -> 40 | O12: =E12/D12 -> 50 | P12: =G12/$AG$2 -> 1.3333333 | Q12: =(B12*IF(B12/$AE$2>2,2,IF(B12/$AE$2<0.5,0.5,B12/$AE$2)))/$J12*P12 -> 320 | R12: =(C12*IF(C12/$AE$2>2,2,IF(C12/$AE$2<0.5,0.5,C12/$AE$2)))/$J12 -> 1 | S12: =IF(R12>Q12,R12,Q12) -> 320 | T12: =S12*J12 -> 3200 | U12: =$AH$2/F12 -> 20 | V12: =E12/$AD$2*IF($AD$2/D12>2,2,IF($AD$2/D12<0.5,0.5,$AD$2/D12))/J12 -> 1 | W12: =V12*50 -> 50 | X12: =V12*J12*100 -> 1000
A13: Fangtooth | B13: 800 | C13: 1600 | D13: 300 | E13: 3000 | F13: 500 | G13: 600 | H13: 45 | I13: 125 | J13: 10 | K13: 2000 | L13: 5.8336852 | M13: =E13/C13 -> 1.875 | N13: =C13/D13 -> 5.3333333 | O13: =E13/D13 -> 10 | P13: =G13/$AG$2 -> 0.53333333 | Q13: =(B13*IF(B13/$AE$2>2,2,IF(B13/$AE$2<0.5,0.5,B13/$AE$2)))/$J13*P13 -> 85.333333 | R13: =(C13*IF(C13/$AE$2>2,2,IF(C13/$AE$2<0.5,0.5,C13/$AE$2)))/$J13 -> 320 | S13: =IF(R13>Q13,R13,Q13) -> 320 | T13: =S13*J13 -> 3200 | U13: =$AH$2/F13 -> 2 | V13: =E13/$AD$2*IF($AD$2/D13>2,2,IF($AD$2/D13<0.5,0.5,$AD$2/D13))/J13 -> 1 | W13: =V13*50 -> 50 | X13: =V13*J13*100 -> 1000
A14: NightshadeDragonTroop | B14: 0 | C14: 2000 | D14: 500 | E14: 5000 | F14: 150 | G14: 0 | H14: 60 | I14: 125 | J14: 10 | K14: 2000 | L14: 6.0536852 | M14: =E14/C14 -> 2.5 | N14: =C14/D14 -> 4 | O14: =E14/D14 -> 10 | P14: =G14/$AG$2 -> 0 | Q14: =(B14*IF(B14/$AE$2>2,2,IF(B14/$AE$2<0.5,0.5,B14/$AE$2)))/$J14*P14 -> 0 | R14: =(C14*IF(C14/$AE$2>2,2,IF(C14/$AE$2<0.5,0.5,C14/$AE$2)))/$J14 -> 400 | S14: =IF(R14>Q14,R14,Q14) -> 400 | T14: =S14*J14 -> 4000 | U14: =$AH$2/F14 -> 6.6666667 | V14: =E14/$AD$2*IF($AD$2/D14>2,2,IF($AD$2/D14<0.5,0.5,$AD$2/D14))/J14 -> 1 | W14: =V14*50 -> 50 | X14: =V14*J14*100 -> 1000
A15: EarthDragonTroop | B15: 0 | C15: 650 | D15: 900 | E15: 15000 | F15: 350 | G15: 0 | H15: 30 | I15: 110 | J15: 9 | K15: 2000 | L15: 5.3909352 | M15: =E15/C15 -> 23.076923 | N15: =C15/D15 -> 0.72222222 | O15: =E15/D15 -> 16.666667 | P15: =G15/$AG$2 -> 0 | Q15: =(B15*IF(B15/$AE$2>2,2,IF(B15/$AE$2<0.5,0.5,B15/$AE$2)))/$J15*P15 -> 0 | R15: =(C15*IF(C15/$AE$2>2,2,IF(C15/$AE$2<0.5,0.5,C15/$AE$2)))/$J15 -> 144.44444 | S15: =IF(R15>Q15,R15,Q15) -> 144.44444 | T15: =S15*J15 -> 1300 | U15: =$AH$2/F15 -> 2.8571429 | V15: =E15/$AD$2*IF($AD$2/D15>2,2,IF($AD$2/D15<0.5,0.5,$AD$2/D15))/J15 -> 2.7777778 | W15: =V15*50 -> 138.88889 | X15: =V15*J15*100 -> 2500
A16: FireDragonTroop | B16: 1600 | C16: 1200 | D16: 150 | E16: 3000 | F16: 600 | G16: 900 | H16: 100 | I16: 150 | J16: 10 | K16: 2000 | L16: 5.3936852 | M16: =E16/C16 -> 2.5 | N16: =C16/D16 -> 8 | O16: =E16/D16 -> 20 | P16: =G16/$AG$2 -> 0.8 | Q16: =(B16*IF(B16/$AE$2>2,2,IF(B16/$AE$2<0.5,0.5,B16/$AE$2)))/$J16*P16 -> 256 | R16: =(C16*IF(C16/$AE$2>2,2,IF(C16/$AE$2<0.5,0.5,C16/$AE$2)))/$J16 -> 240 | S16: =IF(R16>Q16,R16,Q16) -> 256 | T16: =S16*J16 -> 2560 | U16: =$AH$2/F16 -> 1.6666667 | V16: =E16/$AD$2*IF($AD$2/D16>2,2,IF($AD$2/D16<0.5,0.5,$AD$2/D16))/J16 -> 2 | W16: =V16*50 -> 100 | X16: =V16*J16*100 -> 2000
A17: VengeWyrm | B17: 0 | C17: 3100 | D17: 400 | E17: 250 | F17: 900 | G17: 0 | H17: 0 | I17: 10 | J17: 10 | K17: 2504 | L17: 4.8772269 | M17: =E17/C17 -> 0.080645161 | N17: =C17/D17 -> 7.75 | O17: =E17/D17 -> 0.625 | P17: =G17/$AG$2 -> 0 | Q17: =(B17*IF(B17/$AE$2>2,2,IF(B17/$AE$2<0.5,0.5,B17/$AE$2)))/$J17*P17 -> 0 | R17: =(C17*IF(C17/$AE$2>2,2,IF(C17/$AE$2<0.5,0.5,C17/$AE$2)))/$J17 -> 620 | S17: =IF(R17>Q17,R17,Q17) -> 620 | T17: =S17*J17 -> 6200 | U17: =$AH$2/F17 -> 1.1111111 | V17: =E17/$AD$2*IF($AD$2/D17>2,2,IF($AD$2/D17<0.5,0.5,$AD$2/D17))/J17 -> 0.0625 | W17: =V17*50 -> 3.125 | X17: =V17*J17*100 -> 62.5
A18: LightingCannon | B18: 900 | C18: 100 | D18: 250 | E18: 1100 | F18: 50 | G18: 1600 | H18: 100 | I18: 10 | J18: 10 | K18: 3793 | L18: 8.2404068 | M18: =E18/C18 -> 11 | N18: =B18/D18 -> 3.6 | O18: =E18/D18 -> 4.4 | P18: =G18/$AG$2 -> 1.4222222 | Q18: =(B18*IF(B18/$AE$2>2,2,IF(B18/$AE$2<0.5,0.5,B18/$AE$2)))/$J18*P18 -> 256 | R18: =(C18*IF(C18/$AE$2>2,2,IF(C18/$AE$2<0.5,0.5,C18/$AE$2)))/$J18 -> 5 | S18: =IF(R18>Q18,R18,Q18) -> 256 | T18: =S18*J18 -> 2560 | U18: =$AH$2/F18 -> 20 | V18: =E18/$AD$2*IF($AD$2/D18>2,2,IF($AD$2/D18<0.5,0.5,$AD$2/D18))/J18 -> 0.44 | W18: =V18*50 -> 22 | X18: =V18*J18*100 -> 440
A19: StormDrake | B19: 0 | C19: 1350 | D19: 300 | E19: 3100 | F19: 675 | G19: 0 | H19: 500 | I19: 80 | J19: 10 | K19: 2745 | L19: 5.7509948 | M19: =E19/C19 -> 2.2962963 | N19: =C19/D19 -> 4.5 | O19: =E19/D19 -> 10.333333 | P19: =G19/$AG$2 -> 0 | Q19: =(B19*IF(B19/$AE$2>2,2,IF(B19/$AE$2<0.5,0.5,B19/$AE$2)))/$J19*P19 -> 0 | R19: =(C19*IF(C19/$AE$2>2,2,IF(C19/$AE$2<0.5,0.5,C19/$AE$2)))/$J19 -> 270 | S19: =IF(R19>Q19,R19,Q19) -> 270 | T19: =S19*J19 -> 2700 | U19: =$AH$2/F19 -> 1.4814815 | V19: =E19/$AD$2*IF($AD$2/D19>2,2,IF($AD$2/D19<0.5,0.5,$AD$2/D19))/J19 -> 1.0333333 | W19: =V19*50 -> 51.666667 | X19: =V19*J19*100 -> 1033.3333
A20: LavaJaw | B20: 2000 | C20: 500 | D20: 150 | E20: 1000 | F20: 400 | G20: 1600 | H20: 10 | I20: 260 | J20: 8 | K20: 1999 | L20: 6.2811395 | M20: =E20/C20 -> 2 | N20: =B20/D20 -> 13.333333 | O20: =E20/D20 -> 6.6666667 | P20: =G20/$AG$2 -> 1.4222222 | Q20: =(B20*IF(B20/$AE$2>2,2,IF(B20/$AE$2<0.5,0.5,B20/$AE$2)))/$J20*P20 -> 711.11111 | R20: =(C20*IF(C20/$AE$2>2,2,IF(C20/$AE$2<0.5,0.5,C20/$AE$2)))/$J20 -> 104.16667 | S20: =IF(R20>Q20,R20,Q20) -> 711.11111 | T20: =S20*J20 -> 5688.8889 | U20: =$AH$2/F20 -> 2.5 | V20: =E20/$AD$2*IF($AD$2/D20>2,2,IF($AD$2/D20<0.5,0.5,$AD$2/D20))/J20 -> 0.83333333 | W20: =V20*50 -> 41.666667 | X20: =V20*J20*100 -> 666.66667
A21: PetrifiedTitan | B21: 0 | C21: 5000 | D21: 1500 | E21: 7500 | F21: 50 | G21: 0 | H21: 0 | I21: 10 | J21: 20 | K21: 1999 | L21: 11.294991 | M21: =E21/C21 -> 1.5 | N21: =C21/D21 -> 3.3333333 | O21: =E21/D21 -> 5 | P21: =G21/$AG$2 -> 0 | Q21: =(B21*IF(B21/$AE$2>2,2,IF(B21/$AE$2<0.5,0.5,B21/$AE$2)))/$J21*P21 -> 0 | R21: =(C21*IF(C21/$AE$2>2,2,IF(C21/$AE$2<0.5,0.5,C21/$AE$2)))/$J21 -> 500 | S21: =IF(R21>Q21,R21,Q21) -> 500 | T21: =S21*J21 -> 10000 | U21: =$AH$2/F21 -> 20 | V21: =E21/$AD$2*IF($AD$2/D21>2,2,IF($AD$2/D21<0.5,0.5,$AD$2/D21))/J21 -> 0.625 | W21: =V21*50 -> 31.25 | X21: =V21*J21*100 -> 1250
A22: DimensionalRuiner | B22: 0 | C22: 5999 | D22: 999 | E22: 6999 | F22: 999 | G22: 0 | H22: 999 | I22: 50 | J22: 40 | K22: 12660 | L22: 25.597535 | M22: =E22/C22 -> 1.1666944 | N22: =C22/D22 -> 6.005005 | O22: =E22/D22 -> 7.006006 | P22: =G22/$AG$2 -> 0 | Q22: =(B22*IF(B22/$AE$2>2,2,IF(B22/$AE$2<0.5,0.5,B22/$AE$2)))/$J22*P22 -> 0 | R22: =(C22*IF(C22/$AE$2>2,2,IF(C22/$AE$2<0.5,0.5,C22/$AE$2)))/$J22 -> 299.95 | S22: =IF(R22>Q22,R22,Q22) -> 299.95 | T22: =S22*J22 -> 11998 | U22: =$AH$2/F22 -> 1.001001 | V22: =E22/$AD$2*IF($AD$2/D22>2,2,IF($AD$2/D22<0.5,0.5,$AD$2/D22))/J22 -> 0.291625 | W22: =V22*50 -> 14.58125 | X22: =V22*J22*100 -> 1166.5
A23: DragonCavalier | B23: 0 | C23: 2900 | D23: 800 | E23: 6000 | F23: 1100 | G23: 0 | H23: 500 | I23: 80 | J23: 25 | K23: 4000 | L23: 7.6158704 | M23: =E23/C23 -> 2.0689655 | N23: =C23/D23 -> 3.625 | O23: =E23/D23 -> 7.5 | P23: =G23/$AG$2 -> 0 | Q23: =(B23*IF(B23/$AE$2>2,2,IF(B23/$AE$2<0.5,0.5,B23/$AE$2)))/$J23*P23 -> 0 | R23: =(C23*IF(C23/$AE$2>2,2,IF(C23/$AE$2<0.5,0.5,C23/$AE$2)))/$J23 -> 232 | S23: =IF(R23>Q23,R23,Q23) -> 232 | T23: =S23*J23 -> 5800 | U23: =$AH$2/F23 -> 0.90909091 | V23: =E23/$AD$2*IF($AD$2/D23>2,2,IF($AD$2/D23<0.5,0.5,$AD$2/D23))/J23 -> 0.4 | W23: =V23*50 -> 20 | X23: =V23*J23*100 -> 1000
A24: ArcticLeviathan | B24: 2200 | C24: 750 | D24: 999 | E24: 1000 | F24: 450 | G24: 1700 | H24: 100 | I24: 200 | J24: 20 | K24: 4000 | L24: 10.96537 | M24: =E24/C24 -> 1.3333333 | N24: =B24/D24 -> 2.2022022 | O24: =E24/D24 -> 1.001001 | P24: =G24/$AG$2 -> 1.5111111 | Q24: =(B24*IF(B24/$AE$2>2,2,IF(B24/$AE$2<0.5,0.5,B24/$AE$2)))/$J24*P24 -> 332.44444 | R24: =(C24*IF(C24/$AE$2>2,2,IF(C24/$AE$2<0.5,0.5,C24/$AE$2)))/$J24 -> 75 | S24: =IF(R24>Q24,R24,Q24) -> 332.44444 | T24: =S24*J24 -> 6648.8889 | U24: =$AH$2/F24 -> 2.2222222 | V24: =E24/$AD$2*IF($AD$2/D24>2,2,IF($AD$2/D24<0.5,0.5,$AD$2/D24))/J24 -> 0.083333333 | W24: =V24*50 -> 4.1666667 | X24: =V24*J24*100 -> 166.66667
A25: new troops | B25: 1800 | C25: 2000 | D25: 850 | E25: 5400 | F25: 600 | G25: 700 | H25: 50 | I25: 100 | J25: 20 | K25: 4000 | M25: =E25/C25 -> 2.7 | N25: =C25/D25 -> 2.3529412 | O25: =E25/D25 -> 6.3529412 | P25: =G25/$AG$2 -> 0.62222222 | Q25: =(B25*IF(B25/$AE$2>2,2,IF(B25/$AE$2<0.5,0.5,B25/$AE$2)))/$J25*P25 -> 112 | R25: =(C25*IF(C25/$AE$2>2,2,IF(C25/$AE$2<0.5,0.5,C25/$AE$2)))/$J25 -> 200 | S25: =IF(R25>Q25,R25,Q25) -> 200 | T25: =S25*J25 -> 4000 | U25: =$AH$2/F25 -> 1.6666667 | V25: =E25/$AD$2*IF($AD$2/D25>2,2,IF($AD$2/D25<0.5,0.5,$AD$2/D25))/J25 -> 0.45 | W25: =V25*50 -> 22.5 | X25: =V25*J25*100 -> 900
A28: count | B28: attack | C28: defense | D28: Life | E28: Speed | F28: Range | G28: speed value | H28: range value | I28: count capacity
A29: stage1 unit | B29: =SUM(C9,C11,B12,C13,C14,C15,C16,C17,C18,C19,B20)/11 -> 1318.1818 | C29: =SUM(D9,D10,D11,D12,D13,D14,D15,D16,D17,D18,D19,D20)/12 -> 323.33333 | D29: =SUM(E9:E20)/12 -> 3266.6667 | E29: =SUM(F8:F11,F13:F17,F19:F20)/11 -> 508.63636 | F29: =SUM(G7,G12,G18,G20)/4 -> 1475 | I29: =B29+C29*SUM(N2,N4:N6,N8:N11,N13:N17,N19,N21:N23,N25)/13+D29/(SUM(M2,M4:M6,M8:M9,M11,M13:M17,M19,M21:M23,M25)/12) -> 3299.1195
A30: stage2 unit | B30: =SUM(C23,B24,C25)/3*H30 -> 2727.6836 | C30: =SUM(D23:D25)/3*G30 -> 1244.1436 | D30: =SUM(E23:E25)/3*G30 -> 5823.8507 | E30: =SUM(F23:F25)/3 -> 716.66667 | F30: =G24 -> 1700 | G30: =E30/E29 -> 1.4089961 | H30: =F30/F29 -> 1.1525424 | I30: =B30+C30*SUM(N2,N4:N6,N8:N11,N13:N17,N19,N21:N23,N25)/13+D30/(SUM(M2,M4:M6,M8:M9,M11,M13:M17,M19,M21:M23,M25)/12) -> 9145.9685
A31: stage3 unit

Sheet 阶段划分
A1: stage1 | B1: 1 ruby value（power） | C1: might | D1: quantity | E1: stage2 | F1: 1 ruby value（power） | G1: might | H1: quantity | I1: stage3
A2: Conscript | B2: 500,10000 | C2: 1 | D2: =INT(LEFT(B2,SEARCH("~,",B2)-1)/C2)&","&INT(RIGHT(B2,LEN(B2)-SEARCH("~,",B2))/C2) -> 500,10000 | E2: PetrifiedTitan | F2: 500,5000 | G2: 20 | H2: =INT(LEFT(F2,SEARCH("~,",F2)-1)/G2)&","&INT(RIGHT(F2,LEN(F2)-SEARCH("~,",F2))/G2) -> 25,250
A3: Porter | B3: 500,10000 | C3: 1 | D3: =INT(LEFT(B3,SEARCH("~,",B3)-1)/C3)&","&INT(RIGHT(B3,LEN(B3)-SEARCH("~,",B3))/C3) -> 500,10000 | E3: DimensionalRuiner | F3: 500,5000 | G3: 40 | H3: =INT(LEFT(F3,SEARCH("~,",F3)-1)/G3)&","&INT(RIGHT(F3,LEN(F3)-SEARCH("~,",F3))/G3) -> 12,125
A4: Spy | B4: 500,10000 | C4: 2 | D4: =INT(LEFT(B4,SEARCH("~,",B4)-1)/C4)&","&INT(RIGHT(B4,LEN(B4)-SEARCH("~,",B4))/C4) -> 250,5000 | E4: DragonCavalier | F4: 500,5000 | G4: 25 | H4: =INT(LEFT(F4,SEARCH("~,",F4)-1)/G4)&","&INT(RIGHT(F4,LEN(F4)-SEARCH("~,",F4))/G4) -> 20,200
A5: Halberdsman | B5: 500,10000 | C5: 2 | D5: =INT(LEFT(B5,SEARCH("~,",B5)-1)/C5)&","&INT(RIGHT(B5,LEN(B5)-SEARCH("~,",B5))/C5) -> 250,5000 | E5: ArcticLeviathan | F5: 500,5000 | G5: 20 | H5: =INT(LEFT(F5,SEARCH("~,",F5)-1)/G5)&","&INT(RIGHT(F5,LEN(F5)-SEARCH("~,",F5))/G5) -> 25,250
A6: Minotaur | B6: 500,10000 | C6: 3 | D6: =INT(LEFT(B6,SEARCH("~,",B6)-1)/C6)&","&INT(RIGHT(B6,LEN(B6)-SEARCH("~,",B6))/C6) -> 166,3333 | E6: new troops | F6: 500,5000 | G6: 20 | H6: =INT(LEFT(F6,SEARCH("~,",F6)-1)/G6)&","&INT(RIGHT(F6,LEN(F6)-SEARCH("~,",F6))/G6) -> 25,250
A7: Longbowman | B7: 500,10000 | C7: 4 | D7: =INT(LEFT(B7,SEARCH("~,",B7)-1)/C7)&","&INT(RIGHT(B7,LEN(B7)-SEARCH("~,",B7))/C7) -> 125,2500
A8: SwiftStrikeDragon | B8: 500,10000 | C8: 5 | D8: =INT(LEFT(B8,SEARCH("~,",B8)-1)/C8)&","&INT(RIGHT(B8,LEN(B8)-SEARCH("~,",B8))/C8) -> 100,2000
A9: BattleDragon | B9: 500,10000 | C9: 7 | D9: =INT(LEFT(B9,SEARCH("~,",B9)-1)/C9)&","&INT(RIGHT(B9,LEN(B9)-SEARCH("~,",B9))/C9) -> 71,1428
A10: ArmoredTransport | B10: 500,10000 | C10: 6 | D10: =INT(LEFT(B10,SEARCH("~,",B10)-1)/C10)&","&INT(RIGHT(B10,LEN(B10)-SEARCH("~,",B10))/C10) -> 83,1666
A11: Giant | B11: 500,10000 | C11: 9 | D11: =INT(LEFT(B11,SEARCH("~,",B11)-1)/C11)&","&INT(RIGHT(B11,LEN(B11)-SEARCH("~,",B11))/C11) -> 55,1111
A12: FireMirror | B12: 500,10000 | C12: 10 | D12: =INT(LEFT(B12,SEARCH("~,",B12)-1)/C12)&","&INT(RIGHT(B12,LEN(B12)-SEARCH("~,",B12))/C12) -> 50,1000
A13: Fangtooth | B13: 500,10000 | C13: 10 | D13: =INT(LEFT(B13,SEARCH("~,",B13)-1)/C13)&","&INT(RIGHT(B13,LEN(B13)-SEARCH("~,",B13))/C13) -> 50,1000
A14: NightshadeDragonTroop | B14: 500,10000 | C14: 10 | D14: =INT(LEFT(B14,SEARCH("~,",B14)-1)/C14)&","&INT(RIGHT(B14,LEN(B14)-SEARCH("~,",B14))/C14) -> 50,1000
A15: EarthDragonTroop | B15: 500,10000 | C15: 9 | D15: =INT(LEFT(B15,SEARCH("~,",B15)-1)/C15)&","&INT(RIGHT(B15,LEN(B15)-SEARCH("~,",B15))/C15) -> 55,1111
A16: FireDragonTroop | B16: 500,10000 | C16: 10 | D16: =INT(LEFT(B16,SEARCH("~,",B16)-1)/C16)&","&INT(RIGHT(B16,LEN(B16)-SEARCH("~,",B16))/C16) -> 50,1000
A17: VengeWyrm | B17: 500,10000 | C17: 10 | D17: =INT(LEFT(B17,SEARCH("~,",B17)-1)/C17)&","&INT(RIGHT(B17,LEN(B17)-SEARCH("~,",B17))/C17) -> 50,1000
A18: LightingCannon | B18: 500,10000 | C18: 10 | D18: =INT(LEFT(B18,SEARCH("~,",B18)-1)/C18)&","&INT(RIGHT(B18,LEN(B18)-SEARCH("~,",B18))/C18) -> 50,1000
... A20: LavaJaw | B20: 500,10000 | C20: 8 | D20: =INT(LEFT(B20,SEARCH("~,",B20)-1)/C20)&","&INT(RIGHT(B20,LEN(B20)-SEARCH("~,",B20))/C20) -> 62,1250

Sheet 出售价格
C3: data（week） | E3: price（1ruby/power）
C4: 1week | E4: 500
C5: 2week | D5: 1.1 | E5: =ROUND(E4*D5,-2) -> 600
C6: 3week | D6: 1.2 | E6: =ROUND(E5*D6,-2) -> 700
C7: 4week | D7: 1.2 | E7: =ROUND(E6*D7,-2) -> 800
C8: 5week | D8: 1.3 | E8: =ROUND(E7*D8,-2) -> 1000
C9: 6week | D9: 1.3 | E9: =ROUND(E8*D9,-2) -> 1300
C10: 7week | D10: 1.5 | E10: =ROUND(E9*D10,-2) -> 2000
C11: 8week | D11: 1.5 | E11: =ROUND(E10*D11,-2) -> 3000
C12: 9week | D12: 1.5 | E12: =ROUND(E11*D12,-2) -> 4500
C13: 10week | D13: 1.5 | E13: =IF(ROUND(E12*D13,-2)>5000,5000) -> 5000
C14: 11week | D14: 1.5 | E14: =IF(ROUND(E13*D14,-2)>5000,5000) -> 5000
C15: 12week | D15: 1.5 | E15: =IF(ROUND(E14*D15,-2)>5000,5000) -> 5000
